setting,best corrected fixed rule at beta 0.25,DriftGate minus best corrected fixed rule pp (beta 0.25),best rule without prior correction at beta 0.25,DriftGate minus best rule without prior correction pp (beta 0.25),best corrected fixed rule at beta 0.5,DriftGate minus best corrected fixed rule pp (beta 0.5),best rule without prior correction at beta 0.5,DriftGate minus best rule without prior correction pp (beta 0.5),best corrected fixed rule at beta 0.75,DriftGate minus best corrected fixed rule pp (beta 0.75),best rule without prior correction at beta 0.75,DriftGate minus best rule without prior correction pp (beta 0.75),best corrected fixed rule at beta 1,DriftGate minus best corrected fixed rule pp (beta 1),best rule without prior correction at beta 1,DriftGate minus best rule without prior correction pp (beta 1),offloading ratio at beta 0.5 (seed 0),edge calls per request at beta 0.25 / 0.5 / 0.75 / 1,two-cell share of offloaded requests
S1,Correction + w 0.2,+0.027 (0.048),Logit sum,+0.380 (0.143),Correction + w 0.2,+0.050 (0.089),Logit sum,+0.664 (0.355),Correction + w 0.2,+0.088 (0.122),Logit sum,+0.840 (0.500),Correction + w 0.45,+0.107 (0.049),Logit sum,+0.946 (0.568),0.499,0.287 / 0.565 / 0.844 / 1.132,0.132
S2,Correction + w 0.5,+0.010 (0.034),Logit sum,+0.635 (0.493),Correction + w 0.5,+0.006 (0.065),Logit sum,+1.175 (0.770),Correction + w 0.5,-0.032 (0.102),Logit sum,+1.502 (0.954),Correction + w 0.5,-0.073 (0.131),Logit sum,+1.632 (1.035),0.499,0.268 / 0.528 / 0.788 / 1.058,0.058
S1-fast,Correction + w 0.2,-0.011 (0.008),Logit sum,+0.352 (0.027),Correction + w 0.2,-0.028 (0.024),Logit sum,+0.596 (0.134),Correction + w 0.2,-0.017 (0.041),Logit sum,+0.740 (0.196),Correction + w 0.2,+0.033 (0.072),Logit sum,+0.843 (0.249),0.499,0.279 / 0.550 / 0.821 / 1.101,0.101
partial participation,Correction + w 0.5,+0.017 (0.010),Logit sum,+0.574 (0.073),Correction + w 0.5,+0.019 (0.034),Logit sum,+1.114 (0.286),Correction + w 0.5,+0.001 (0.059),Logit sum,+1.539 (0.477),Correction + w 0.5,-0.026 (0.084),Logit sum,+1.879 (0.593),0.499,0.281 / 0.552 / 0.825 / 1.107,0.107
stepwise change,Correction + w 0.45,+0.042 (0.009),Probability average,+0.438 (0.054),Correction + w 0.45,+0.090 (0.018),Probability average,+0.692 (0.138),Correction + w 0.45,+0.120 (0.023),Probability average,+0.840 (0.216),Correction + w 0.45,+0.137 (0.032),Probability average,+0.920 (0.256),0.498,0.354 / 0.697 / 1.042 / 1.400,0.400
random mobility,Correction + w 0.45,+0.043 (0.013),Probability average,+0.687 (0.176),Correction + w 0.45,+0.091 (0.025),Probability average,+1.062 (0.319),Correction + w 0.45,+0.112 (0.035),Probability average,+1.326 (0.471),Correction + w 0.45,+0.119 (0.050),Probability average,+1.517 (0.534),0.498,0.498 / 0.981 / 1.465 / 1.969,0.969
CIFAR-100,Correction + product,-0.151 (0.022),Logit sum,+0.508 (0.096),Correction + product,-0.268 (0.028),Logit sum,+0.926 (0.195),Correction + product,-0.367 (0.047),Logit sum,+1.258 (0.298),Correction + product,-0.445 (0.076),Logit sum,+1.456 (0.373),0.498,0.279 / 0.551 / 0.824 / 1.107,0.107
ResNet-18,Correction + w 0.5,+0.002 (0.018),No correction + adaptive w,+0.110 (0.209),Correction + w 0.5,-0.033 (0.043),No correction + adaptive w,+0.178 (0.285),Correction + w 0.5,-0.074 (0.084),No correction + adaptive w,+0.215 (0.323),Correction + w 0.5,-0.067 (0.093),No correction + adaptive w,+0.175 (0.290),0.499,0.317 / 0.624 / 0.931 / 1.250,0.250
K=200,Corrected edge only,-0.080 (0.019),Probability average,+0.101 (0.049),Corrected edge only,-0.205 (0.030),No correction + adaptive w,+0.074 (0.096),Correction + w 0.2,-0.250 (0.036),No correction + adaptive w,-0.004 (0.145),Correction + w 0.2,-0.231 (0.042),No correction + adaptive w,-0.004 (0.159),0.499,0.294 / 0.579 / 0.864 / 1.159,0.159
K=500,Corrected edge only,-0.145 (0.035),No correction + adaptive w,-0.034 (0.072),Corrected edge only,-0.362 (0.092),No correction + adaptive w,-0.245 (0.161),Corrected edge only,-0.482 (0.134),No correction + adaptive w,-0.437 (0.217),Corrected edge only,-0.422 (0.121),No correction + adaptive w,-0.487 (0.217),0.499,0.292 / 0.575 / 0.859 / 1.153,0.153
S1 replay,Corrected edge only,-0.104 (0.091),No correction + adaptive w,-0.153 (0.149),Corrected edge only,-0.347 (0.271),No correction + adaptive w,-0.312 (0.337),Corrected edge only,-0.625 (0.378),No correction + adaptive w,-0.440 (0.440),Corrected edge only,-0.791 (0.413),No correction + adaptive w,-0.517 (0.472),0.500,0.288 / 0.566 / 0.845 / 1.132,0.132
S2 replay,Correction + w 0.2,-0.002 (0.047),No correction + adaptive w,+0.184 (0.502),Correction + w 0.2,-0.037 (0.115),No correction + adaptive w,+0.429 (0.851),Correction + w 0.2,-0.093 (0.153),No correction + adaptive w,+0.584 (0.988),Correction + w 0.2,-0.128 (0.148),Probability average,+0.637 (0.806),0.500,0.269 / 0.529 / 0.790 / 1.058,0.058
