scenario,parameter,value
all,rounds,"150 (05:00-20:00, 6 min per round)"
all,evaluation rounds,"1, 5, 10, ..., 150 (31)"
all,edge coverage radius R,"1.0 km, a client belongs to <= 2 nearest cells within R (else the nearest)"
all,rho at home / away,0.1 / 0.8 (non-Main share 11.5% / 51%)
all,request count,"N ~ Poisson(mu_k), probe n = min(N, 64)"
all,model / data,"CIFAR-10 split CNN, nd1 partition, local epochs 3, batch 32, lr 0.01"
all,disjoint pools,"controller 20% / evaluation 80% of each class, overlap 0"
S1,K clients / L cells,50 / 5
S1,"districts (hub + 4 residential cells, 4.5 km apart)",1 x 1
S1,speed (m/s),"U[1, 3]"
S1,mu_k (requests per round),"U[32, 128]"
S1,participation a,1.0
S1,"signal loss p (client TV, shared d-bar, neighbour score; each independent)",0.0
S1,neighbour cells (centre distance <= 2 km),4 pairs
S1fast,K clients / L cells,50 / 5
S1fast,"districts (hub + 4 residential cells, 4.5 km apart)",1 x 1
S1fast,speed (m/s),"U[8, 15]"
S1fast,mu_k (requests per round),"U[32, 128]"
S1fast,participation a,1.0
S1fast,"signal loss p (client TV, shared d-bar, neighbour score; each independent)",0.0
S1fast,neighbour cells (centre distance <= 2 km),4 pairs
S3_K200,K clients / L cells,200 / 20
S3_K200,"districts (hub + 4 residential cells, 4.5 km apart)",2 x 2
S3_K200,speed (m/s),"U[1, 3]"
S3_K200,mu_k (requests per round),"U[32, 128]"
S3_K200,participation a,1.0
S3_K200,"signal loss p (client TV, shared d-bar, neighbour score; each independent)",0.0
S3_K200,neighbour cells (centre distance <= 2 km),20 pairs
S3_K500,K clients / L cells,500 / 50
S3_K500,"districts (hub + 4 residential cells, 4.5 km apart)",2 x 5
S3_K500,speed (m/s),"U[1, 3]"
S3_K500,mu_k (requests per round),"U[32, 128]"
S3_K500,participation a,1.0
S3_K500,"signal loss p (client TV, shared d-bar, neighbour score; each independent)",0.0
S3_K500,neighbour cells (centre distance <= 2 km),53 pairs
S4_lowreq,K clients / L cells,50 / 5
S4_lowreq,"districts (hub + 4 residential cells, 4.5 km apart)",1 x 1
S4_lowreq,speed (m/s),"U[1, 3]"
S4_lowreq,mu_k (requests per round),"U[8, 24]"
S4_lowreq,participation a,1.0
S4_lowreq,"signal loss p (client TV, shared d-bar, neighbour score; each independent)",0.0
S4_lowreq,neighbour cells (centre distance <= 2 km),4 pairs
S4_part07,K clients / L cells,50 / 5
S4_part07,"districts (hub + 4 residential cells, 4.5 km apart)",1 x 1
S4_part07,speed (m/s),"U[1, 3]"
S4_part07,mu_k (requests per round),"U[32, 128]"
S4_part07,participation a,0.7
S4_part07,"signal loss p (client TV, shared d-bar, neighbour score; each independent)",0.0
S4_part07,neighbour cells (centre distance <= 2 km),4 pairs
S4_part05,K clients / L cells,50 / 5
S4_part05,"districts (hub + 4 residential cells, 4.5 km apart)",1 x 1
S4_part05,speed (m/s),"U[1, 3]"
S4_part05,mu_k (requests per round),"U[32, 128]"
S4_part05,participation a,0.5
S4_part05,"signal loss p (client TV, shared d-bar, neighbour score; each independent)",0.0
S4_part05,neighbour cells (centre distance <= 2 km),4 pairs
S4_loss01,K clients / L cells,50 / 5
S4_loss01,"districts (hub + 4 residential cells, 4.5 km apart)",1 x 1
S4_loss01,speed (m/s),"U[1, 3]"
S4_loss01,mu_k (requests per round),"U[32, 128]"
S4_loss01,participation a,1.0
S4_loss01,"signal loss p (client TV, shared d-bar, neighbour score; each independent)",0.1
S4_loss01,neighbour cells (centre distance <= 2 km),4 pairs
S4_loss03,K clients / L cells,50 / 5
S4_loss03,"districts (hub + 4 residential cells, 4.5 km apart)",1 x 1
S4_loss03,speed (m/s),"U[1, 3]"
S4_loss03,mu_k (requests per round),"U[32, 128]"
S4_loss03,participation a,1.0
S4_loss03,"signal loss p (client TV, shared d-bar, neighbour score; each independent)",0.3
S4_loss03,neighbour cells (centre distance <= 2 km),4 pairs
S4_delay1 / S4_delay3,signal delay d (rounds),1 / 3 (S1 environment)
S1,daily plans (residential),"0.6 hub work, 0.2 other residential cell, 0.2 stay; hub residents 0.8 stay"
S3,daily plans (residential),"0.45 own hub, 0.15 nearest other district's hub, 0.2 other residential, 0.2 stay"
S1/S3,commute / return departure,"N(07:45, 30 min) in [06:30, 09:30] / N(17:45, 45 min) in [16:00, 19:30]"
S1/S3,lunch (30% of workers) / errand (30% of stayers),"N(12:15, 20 min), stay max(15, Exp(45)) / U[10:00, 16:00], stay max(20, Exp(60))"
S2,dataset,GeoLife Trajectories 1.3
S2,points (all / after filters),"24,876,978 / 18,487,422"
S2,candidate users / selected user-days,135 / 50
S2,"edge positions (km, around the mean position)","(-2.51, 3.12); (-7.36, -16.33); (8.58, -7.54); (19.31, 8.54); (-21.05, 10.87)"
S2,"edge positions (lat, lon)","(39.9891, 116.3405); (39.8142, 116.2835); (39.8933, 116.4706); (40.0379, 116.5965); (40.0589, 116.1229)"
S2,residents per cell,38 4 5 2 1
S2,membership,"nearest edge, plus the second if its distance <= 1.2 x the nearest; all edge pairs are neighbours"
S2,mu_k / participation / loss,"U[32, 128] / 1.0 / 0"
