scenario,arm,bandwidth_mbps,rtt_ms,slot,offload_rate,mean_e2e_ms
S1,apfl001,10,20,pre-commute 05:00-07:30,0.9571,45.212
S1,apfl001,10,20,commute 07:30-09:30,0.8228,38.990
S1,apfl001,10,20,daytime 09:30-16:00,0.6577,31.341
S1,apfl001,10,20,return 16:00-19:00,0.5735,27.443
S1,apfl001,10,20,evening 19:00-20:00,0.4910,23.622
S1,apfl001,10,50,pre-commute 05:00-07:30,0.9571,73.924
S1,apfl001,10,50,commute 07:30-09:30,0.8228,63.673
S1,apfl001,10,50,daytime 09:30-16:00,0.6577,51.071
S1,apfl001,10,50,return 16:00-19:00,0.5735,44.648
S1,apfl001,10,50,evening 19:00-20:00,0.4910,38.352
S1,apfl001,50,20,pre-commute 05:00-07:30,0.9571,25.140
S1,apfl001,50,20,commute 07:30-09:30,0.8228,21.735
S1,apfl001,50,20,daytime 09:30-16:00,0.6577,17.549
S1,apfl001,50,20,return 16:00-19:00,0.5735,15.416
S1,apfl001,50,20,evening 19:00-20:00,0.4910,13.325
S1,apfl001,50,50,pre-commute 05:00-07:30,0.9571,53.853
S1,apfl001,50,50,commute 07:30-09:30,0.8228,46.418
S1,apfl001,50,50,daytime 09:30-16:00,0.6577,37.279
S1,apfl001,50,50,return 16:00-19:00,0.5735,32.621
S1,apfl001,50,50,evening 19:00-20:00,0.4910,28.055
S1,apfl001,100,20,pre-commute 05:00-07:30,0.9571,22.631
S1,apfl001,100,20,commute 07:30-09:30,0.8228,19.578
S1,apfl001,100,20,daytime 09:30-16:00,0.6577,15.825
S1,apfl001,100,20,return 16:00-19:00,0.5735,13.912
S1,apfl001,100,20,evening 19:00-20:00,0.4910,12.037
S1,apfl001,100,50,pre-commute 05:00-07:30,0.9571,51.344
S1,apfl001,100,50,commute 07:30-09:30,0.8228,44.261
S1,apfl001,100,50,daytime 09:30-16:00,0.6577,35.555
S1,apfl001,100,50,return 16:00-19:00,0.5735,31.118
S1,apfl001,100,50,evening 19:00-20:00,0.4910,26.768
S1,apfl010,10,20,pre-commute 05:00-07:30,0.8628,40.844
S1,apfl010,10,20,commute 07:30-09:30,0.7951,37.706
S1,apfl010,10,20,daytime 09:30-16:00,0.6956,33.097
S1,apfl010,10,20,return 16:00-19:00,0.5997,28.658
S1,apfl010,10,20,evening 19:00-20:00,0.5278,25.325
S1,apfl010,10,50,pre-commute 05:00-07:30,0.8628,66.729
S1,apfl010,10,50,commute 07:30-09:30,0.7951,61.558
S1,apfl010,10,50,daytime 09:30-16:00,0.6956,53.963
S1,apfl010,10,50,return 16:00-19:00,0.5997,46.649
S1,apfl010,10,50,evening 19:00-20:00,0.5278,41.158
S1,apfl010,50,20,pre-commute 05:00-07:30,0.8628,22.750
S1,apfl010,50,20,commute 07:30-09:30,0.7951,21.033
S1,apfl010,50,20,daytime 09:30-16:00,0.6956,18.510
S1,apfl010,50,20,return 16:00-19:00,0.5997,16.081
S1,apfl010,50,20,evening 19:00-20:00,0.5278,14.256
S1,apfl010,50,50,pre-commute 05:00-07:30,0.8628,48.634
S1,apfl010,50,50,commute 07:30-09:30,0.7951,44.885
S1,apfl010,50,50,daytime 09:30-16:00,0.6956,39.376
S1,apfl010,50,50,return 16:00-19:00,0.5997,34.072
S1,apfl010,50,50,evening 19:00-20:00,0.5278,30.090
S1,apfl010,100,20,pre-commute 05:00-07:30,0.8628,20.488
S1,apfl010,100,20,commute 07:30-09:30,0.7951,18.948
S1,apfl010,100,20,daytime 09:30-16:00,0.6956,16.687
S1,apfl010,100,20,return 16:00-19:00,0.5997,14.508
S1,apfl010,100,20,evening 19:00-20:00,0.5278,12.873
S1,apfl010,100,50,pre-commute 05:00-07:30,0.8628,46.372
S1,apfl010,100,50,commute 07:30-09:30,0.7951,42.800
S1,apfl010,100,50,daytime 09:30-16:00,0.6956,37.553
S1,apfl010,100,50,return 16:00-19:00,0.5997,32.500
S1,apfl010,100,50,evening 19:00-20:00,0.5278,28.706
S1,driftgate_own,10,20,pre-commute 05:00-07:30,0.9905,46.760
S1,driftgate_own,10,20,commute 07:30-09:30,0.9606,45.374
S1,driftgate_own,10,20,daytime 09:30-16:00,0.9323,44.065
S1,driftgate_own,10,20,return 16:00-19:00,0.8065,38.236
S1,driftgate_own,10,20,evening 19:00-20:00,0.6081,29.046
S1,driftgate_own,10,50,pre-commute 05:00-07:30,0.9905,76.476
S1,driftgate_own,10,50,commute 07:30-09:30,0.9606,74.191
S1,driftgate_own,10,50,daytime 09:30-16:00,0.9323,72.035
S1,driftgate_own,10,50,return 16:00-19:00,0.8065,62.431
S1,driftgate_own,10,50,evening 19:00-20:00,0.6081,47.289
S1,driftgate_own,50,20,pre-commute 05:00-07:30,0.9905,25.988
S1,driftgate_own,50,20,commute 07:30-09:30,0.9606,25.229
S1,driftgate_own,50,20,daytime 09:30-16:00,0.9323,24.513
S1,driftgate_own,50,20,return 16:00-19:00,0.8065,21.322
S1,driftgate_own,50,20,evening 19:00-20:00,0.6081,16.293
S1,driftgate_own,50,50,pre-commute 05:00-07:30,0.9905,55.703
S1,driftgate_own,50,50,commute 07:30-09:30,0.9606,54.046
S1,driftgate_own,50,50,daytime 09:30-16:00,0.9323,52.483
S1,driftgate_own,50,50,return 16:00-19:00,0.8065,45.517
S1,driftgate_own,50,50,evening 19:00-20:00,0.6081,34.536
S1,driftgate_own,100,20,pre-commute 05:00-07:30,0.9905,23.391
S1,driftgate_own,100,20,commute 07:30-09:30,0.9606,22.711
S1,driftgate_own,100,20,daytime 09:30-16:00,0.9323,22.069
S1,driftgate_own,100,20,return 16:00-19:00,0.8065,19.208
S1,driftgate_own,100,20,evening 19:00-20:00,0.6081,14.699
S1,driftgate_own,100,50,pre-commute 05:00-07:30,0.9905,53.107
S1,driftgate_own,100,50,commute 07:30-09:30,0.9606,51.528
S1,driftgate_own,100,50,daytime 09:30-16:00,0.9323,50.039
S1,driftgate_own,100,50,return 16:00-19:00,0.8065,43.403
S1,driftgate_own,100,50,evening 19:00-20:00,0.6081,32.942
S1,entropy_own,10,20,pre-commute 05:00-07:30,0.9905,46.761
S1,entropy_own,10,20,commute 07:30-09:30,0.8915,42.172
S1,entropy_own,10,20,daytime 09:30-16:00,0.8233,39.014
S1,entropy_own,10,20,return 16:00-19:00,0.6821,32.476
S1,entropy_own,10,20,evening 19:00-20:00,0.5793,27.712
S1,entropy_own,10,50,pre-commute 05:00-07:30,0.9905,76.477
S1,entropy_own,10,50,commute 07:30-09:30,0.8915,68.916
S1,entropy_own,10,50,daytime 09:30-16:00,0.8233,63.712
S1,entropy_own,10,50,return 16:00-19:00,0.6821,52.940
S1,entropy_own,10,50,evening 19:00-20:00,0.5793,45.091
S1,entropy_own,50,20,pre-commute 05:00-07:30,0.9905,25.988
S1,entropy_own,50,20,commute 07:30-09:30,0.8915,23.477
S1,entropy_own,50,20,daytime 09:30-16:00,0.8233,21.748
S1,entropy_own,50,20,return 16:00-19:00,0.6821,18.170
S1,entropy_own,50,20,evening 19:00-20:00,0.5793,15.563
S1,entropy_own,50,50,pre-commute 05:00-07:30,0.9905,55.704
S1,entropy_own,50,50,commute 07:30-09:30,0.8915,50.221
S1,entropy_own,50,50,daytime 09:30-16:00,0.8233,46.447
S1,entropy_own,50,50,return 16:00-19:00,0.6821,38.634
S1,entropy_own,50,50,evening 19:00-20:00,0.5793,32.942
S1,entropy_own,100,20,pre-commute 05:00-07:30,0.9905,23.391
S1,entropy_own,100,20,commute 07:30-09:30,0.8915,21.140
S1,entropy_own,100,20,daytime 09:30-16:00,0.8233,19.590
S1,entropy_own,100,20,return 16:00-19:00,0.6821,16.382
S1,entropy_own,100,20,evening 19:00-20:00,0.5793,14.044
S1,entropy_own,100,50,pre-commute 05:00-07:30,0.9905,53.107
S1,entropy_own,100,50,commute 07:30-09:30,0.8915,47.884
S1,entropy_own,100,50,daytime 09:30-16:00,0.8233,44.289
S1,entropy_own,100,50,return 16:00-19:00,0.6821,36.846
S1,entropy_own,100,50,evening 19:00-20:00,0.5793,31.424
S1,fixed015,10,20,pre-commute 05:00-07:30,0.9998,47.191
S1,fixed015,10,20,commute 07:30-09:30,0.9987,47.137
S1,fixed015,10,20,daytime 09:30-16:00,0.9926,46.856
S1,fixed015,10,20,return 16:00-19:00,0.9717,45.888
S1,fixed015,10,20,evening 19:00-20:00,0.9476,44.773
S1,fixed015,10,50,pre-commute 05:00-07:30,0.9998,77.186
S1,fixed015,10,50,commute 07:30-09:30,0.9987,77.097
S1,fixed015,10,50,daytime 09:30-16:00,0.9926,76.634
S1,fixed015,10,50,return 16:00-19:00,0.9717,75.038
S1,fixed015,10,50,evening 19:00-20:00,0.9476,73.201
S1,fixed015,50,20,pre-commute 05:00-07:30,0.9998,26.223
S1,fixed015,50,20,commute 07:30-09:30,0.9987,26.194
S1,fixed015,50,20,daytime 09:30-16:00,0.9926,26.040
S1,fixed015,50,20,return 16:00-19:00,0.9717,25.510
S1,fixed015,50,20,evening 19:00-20:00,0.9476,24.900
S1,fixed015,50,50,pre-commute 05:00-07:30,0.9998,56.218
S1,fixed015,50,50,commute 07:30-09:30,0.9987,56.154
S1,fixed015,50,50,daytime 09:30-16:00,0.9926,55.818
S1,fixed015,50,50,return 16:00-19:00,0.9717,54.661
S1,fixed015,50,50,evening 19:00-20:00,0.9476,53.328
S1,fixed015,100,20,pre-commute 05:00-07:30,0.9998,23.602
S1,fixed015,100,20,commute 07:30-09:30,0.9987,23.576
S1,fixed015,100,20,daytime 09:30-16:00,0.9926,23.438
S1,fixed015,100,20,return 16:00-19:00,0.9717,22.963
S1,fixed015,100,20,evening 19:00-20:00,0.9476,22.416
S1,fixed015,100,50,pre-commute 05:00-07:30,0.9998,53.597
S1,fixed015,100,50,commute 07:30-09:30,0.9987,53.536
S1,fixed015,100,50,daytime 09:30-16:00,0.9926,53.216
S1,fixed015,100,50,return 16:00-19:00,0.9717,52.114
S1,fixed015,100,50,evening 19:00-20:00,0.9476,50.844
S1,fixed020,10,20,pre-commute 05:00-07:30,0.9996,47.181
S1,fixed020,10,20,commute 07:30-09:30,0.9976,47.089
S1,fixed020,10,20,daytime 09:30-16:00,0.9880,46.641
S1,fixed020,10,20,return 16:00-19:00,0.9591,45.305
S1,fixed020,10,20,evening 19:00-20:00,0.9241,43.685
S1,fixed020,10,50,pre-commute 05:00-07:30,0.9996,77.169
S1,fixed020,10,50,commute 07:30-09:30,0.9976,77.017
S1,fixed020,10,50,daytime 09:30-16:00,0.9880,76.280
S1,fixed020,10,50,return 16:00-19:00,0.9591,74.078
S1,fixed020,10,50,evening 19:00-20:00,0.9241,71.410
S1,fixed020,50,20,pre-commute 05:00-07:30,0.9996,26.218
S1,fixed020,50,20,commute 07:30-09:30,0.9976,26.167
S1,fixed020,50,20,daytime 09:30-16:00,0.9880,25.923
S1,fixed020,50,20,return 16:00-19:00,0.9591,25.191
S1,fixed020,50,20,evening 19:00-20:00,0.9241,24.305
S1,fixed020,50,50,pre-commute 05:00-07:30,0.9996,56.206
S1,fixed020,50,50,commute 07:30-09:30,0.9976,56.096
S1,fixed020,50,50,daytime 09:30-16:00,0.9880,55.561
S1,fixed020,50,50,return 16:00-19:00,0.9591,53.964
S1,fixed020,50,50,evening 19:00-20:00,0.9241,52.029
S1,fixed020,100,20,pre-commute 05:00-07:30,0.9996,23.598
S1,fixed020,100,20,commute 07:30-09:30,0.9976,23.552
S1,fixed020,100,20,daytime 09:30-16:00,0.9880,23.333
S1,fixed020,100,20,return 16:00-19:00,0.9591,22.677
S1,fixed020,100,20,evening 19:00-20:00,0.9241,21.882
S1,fixed020,100,50,pre-commute 05:00-07:30,0.9996,53.585
S1,fixed020,100,50,commute 07:30-09:30,0.9976,53.481
S1,fixed020,100,50,daytime 09:30-16:00,0.9880,52.971
S1,fixed020,100,50,return 16:00-19:00,0.9591,51.450
S1,fixed020,100,50,evening 19:00-20:00,0.9241,49.606
S1,fixed030,10,20,pre-commute 05:00-07:30,0.9984,47.127
S1,fixed030,10,20,commute 07:30-09:30,0.9928,46.867
S1,fixed030,10,20,daytime 09:30-16:00,0.9698,45.800
S1,fixed030,10,20,return 16:00-19:00,0.9163,43.323
S1,fixed030,10,20,evening 19:00-20:00,0.8489,40.201
S1,fixed030,10,50,pre-commute 05:00-07:30,0.9984,77.080
S1,fixed030,10,50,commute 07:30-09:30,0.9928,76.651
S1,fixed030,10,50,daytime 09:30-16:00,0.9698,74.893
S1,fixed030,10,50,return 16:00-19:00,0.9163,70.813
S1,fixed030,10,50,evening 19:00-20:00,0.8489,65.668
S1,fixed030,50,20,pre-commute 05:00-07:30,0.9984,26.188
S1,fixed030,50,20,commute 07:30-09:30,0.9928,26.046
S1,fixed030,50,20,daytime 09:30-16:00,0.9698,25.462
S1,fixed030,50,20,return 16:00-19:00,0.9163,24.107
S1,fixed030,50,20,evening 19:00-20:00,0.8489,22.398
S1,fixed030,50,50,pre-commute 05:00-07:30,0.9984,56.142
S1,fixed030,50,50,commute 07:30-09:30,0.9928,55.830
S1,fixed030,50,50,daytime 09:30-16:00,0.9698,54.555
S1,fixed030,50,50,return 16:00-19:00,0.9163,51.597
S1,fixed030,50,50,evening 19:00-20:00,0.8489,47.865
S1,fixed030,100,20,pre-commute 05:00-07:30,0.9984,23.571
S1,fixed030,100,20,commute 07:30-09:30,0.9928,23.443
S1,fixed030,100,20,daytime 09:30-16:00,0.9698,22.920
S1,fixed030,100,20,return 16:00-19:00,0.9163,21.705
S1,fixed030,100,20,evening 19:00-20:00,0.8489,20.172
S1,fixed030,100,50,pre-commute 05:00-07:30,0.9984,53.524
S1,fixed030,100,50,commute 07:30-09:30,0.9928,53.228
S1,fixed030,100,50,daytime 09:30-16:00,0.9698,52.013
S1,fixed030,100,50,return 16:00-19:00,0.9163,49.194
S1,fixed030,100,50,evening 19:00-20:00,0.8489,45.639
S1,fixed040,10,20,pre-commute 05:00-07:30,0.9943,46.935
S1,fixed040,10,20,commute 07:30-09:30,0.9795,46.251
S1,fixed040,10,20,daytime 09:30-16:00,0.9307,43.991
S1,fixed040,10,20,return 16:00-19:00,0.8405,39.809
S1,fixed040,10,20,evening 19:00-20:00,0.7386,35.090
S1,fixed040,10,50,pre-commute 05:00-07:30,0.9943,76.763
S1,fixed040,10,50,commute 07:30-09:30,0.9795,75.637
S1,fixed040,10,50,daytime 09:30-16:00,0.9307,71.913
S1,fixed040,10,50,return 16:00-19:00,0.8405,65.023
S1,fixed040,10,50,evening 19:00-20:00,0.7386,57.248
S1,fixed040,50,20,pre-commute 05:00-07:30,0.9943,26.083
S1,fixed040,50,20,commute 07:30-09:30,0.9795,25.709
S1,fixed040,50,20,daytime 09:30-16:00,0.9307,24.472
S1,fixed040,50,20,return 16:00-19:00,0.8405,22.183
S1,fixed040,50,20,evening 19:00-20:00,0.7386,19.601
S1,fixed040,50,50,pre-commute 05:00-07:30,0.9943,55.911
S1,fixed040,50,50,commute 07:30-09:30,0.9795,55.095
S1,fixed040,50,50,daytime 09:30-16:00,0.9307,52.394
S1,fixed040,50,50,return 16:00-19:00,0.8405,47.397
S1,fixed040,50,50,evening 19:00-20:00,0.7386,41.759
S1,fixed040,100,20,pre-commute 05:00-07:30,0.9943,23.477
S1,fixed040,100,20,commute 07:30-09:30,0.9795,23.141
S1,fixed040,100,20,daytime 09:30-16:00,0.9307,22.032
S1,fixed040,100,20,return 16:00-19:00,0.8405,19.980
S1,fixed040,100,20,evening 19:00-20:00,0.7386,17.665
S1,fixed040,100,50,pre-commute 05:00-07:30,0.9943,53.305
S1,fixed040,100,50,commute 07:30-09:30,0.9795,52.527
S1,fixed040,100,50,daytime 09:30-16:00,0.9307,49.955
S1,fixed040,100,50,return 16:00-19:00,0.8405,45.194
S1,fixed040,100,50,evening 19:00-20:00,0.7386,39.823
S1,fixed050,10,20,pre-commute 05:00-07:30,0.9801,46.279
S1,fixed050,10,20,commute 07:30-09:30,0.9480,44.789
S1,fixed050,10,20,daytime 09:30-16:00,0.8587,40.653
S1,fixed050,10,20,return 16:00-19:00,0.7338,34.868
S1,fixed050,10,20,evening 19:00-20:00,0.6087,29.072
S1,fixed050,10,50,pre-commute 05:00-07:30,0.9801,75.682
S1,fixed050,10,50,commute 07:30-09:30,0.9480,73.227
S1,fixed050,10,50,daytime 09:30-16:00,0.8587,66.413
S1,fixed050,10,50,return 16:00-19:00,0.7338,56.882
S1,fixed050,10,50,evening 19:00-20:00,0.6087,47.332
S1,fixed050,50,20,pre-commute 05:00-07:30,0.9801,25.724
S1,fixed050,50,20,commute 07:30-09:30,0.9480,24.909
S1,fixed050,50,20,daytime 09:30-16:00,0.8587,22.645
S1,fixed050,50,20,return 16:00-19:00,0.7338,19.479
S1,fixed050,50,20,evening 19:00-20:00,0.6087,16.307
S1,fixed050,50,50,pre-commute 05:00-07:30,0.9801,55.128
S1,fixed050,50,50,commute 07:30-09:30,0.9480,53.347
S1,fixed050,50,50,daytime 09:30-16:00,0.8587,48.405
S1,fixed050,50,50,return 16:00-19:00,0.7338,41.493
S1,fixed050,50,50,evening 19:00-20:00,0.6087,34.567
S1,fixed050,100,20,pre-commute 05:00-07:30,0.9801,23.155
S1,fixed050,100,20,commute 07:30-09:30,0.9480,22.424
S1,fixed050,100,20,daytime 09:30-16:00,0.8587,20.394
S1,fixed050,100,20,return 16:00-19:00,0.7338,17.556
S1,fixed050,100,20,evening 19:00-20:00,0.6087,14.712
S1,fixed050,100,50,pre-commute 05:00-07:30,0.9801,52.558
S1,fixed050,100,50,commute 07:30-09:30,0.9480,50.862
S1,fixed050,100,50,daytime 09:30-16:00,0.8587,46.154
S1,fixed050,100,50,return 16:00-19:00,0.7338,39.570
S1,fixed050,100,50,evening 19:00-20:00,0.6087,32.972
S1,fixed060,10,20,pre-commute 05:00-07:30,0.9396,44.402
S1,fixed060,10,20,commute 07:30-09:30,0.8767,41.488
S1,fixed060,10,20,daytime 09:30-16:00,0.7456,35.415
S1,fixed060,10,20,return 16:00-19:00,0.6044,28.875
S1,fixed060,10,20,evening 19:00-20:00,0.4783,23.035
S1,fixed060,10,50,pre-commute 05:00-07:30,0.9396,72.590
S1,fixed060,10,50,commute 07:30-09:30,0.8767,67.788
S1,fixed060,10,50,daytime 09:30-16:00,0.7456,57.783
S1,fixed060,10,50,return 16:00-19:00,0.6044,47.007
S1,fixed060,10,50,evening 19:00-20:00,0.4783,37.385
S1,fixed060,50,20,pre-commute 05:00-07:30,0.9396,24.697
S1,fixed060,50,20,commute 07:30-09:30,0.8767,23.102
S1,fixed060,50,20,daytime 09:30-16:00,0.7456,19.779
S1,fixed060,50,20,return 16:00-19:00,0.6044,16.199
S1,fixed060,50,20,evening 19:00-20:00,0.4783,13.003
S1,fixed060,50,50,pre-commute 05:00-07:30,0.9396,52.885
S1,fixed060,50,50,commute 07:30-09:30,0.8767,49.403
S1,fixed060,50,50,daytime 09:30-16:00,0.7456,42.147
S1,fixed060,50,50,return 16:00-19:00,0.6044,34.332
S1,fixed060,50,50,evening 19:00-20:00,0.4783,27.354
S1,fixed060,100,20,pre-commute 05:00-07:30,0.9396,22.234
S1,fixed060,100,20,commute 07:30-09:30,0.8767,20.804
S1,fixed060,100,20,daytime 09:30-16:00,0.7456,17.824
S1,fixed060,100,20,return 16:00-19:00,0.6044,14.615
S1,fixed060,100,20,evening 19:00-20:00,0.4783,11.749
S1,fixed060,100,50,pre-commute 05:00-07:30,0.9396,50.422
S1,fixed060,100,50,commute 07:30-09:30,0.8767,47.105
S1,fixed060,100,50,daytime 09:30-16:00,0.7456,40.192
S1,fixed060,100,50,return 16:00-19:00,0.6044,32.747
S1,fixed060,100,50,evening 19:00-20:00,0.4783,26.100
S2,apfl001,10,20,pre-commute 05:00-07:30,0.9538,45.061
S2,apfl001,10,20,commute 07:30-09:30,0.7590,36.038
S2,apfl001,10,20,daytime 09:30-16:00,0.6191,29.554
S2,apfl001,10,20,return 16:00-19:00,0.5730,27.418
S2,apfl001,10,20,evening 19:00-20:00,0.5436,26.058
S2,apfl001,10,50,pre-commute 05:00-07:30,0.9538,73.677
S2,apfl001,10,50,commute 07:30-09:30,0.7590,58.809
S2,apfl001,10,50,daytime 09:30-16:00,0.6191,48.127
S2,apfl001,10,50,return 16:00-19:00,0.5730,44.606
S2,apfl001,10,50,evening 19:00-20:00,0.5436,42.367
S2,apfl001,50,20,pre-commute 05:00-07:30,0.9538,25.058
S2,apfl001,50,20,commute 07:30-09:30,0.7590,20.119
S2,apfl001,50,20,daytime 09:30-16:00,0.6191,16.571
S2,apfl001,50,20,return 16:00-19:00,0.5730,15.402
S2,apfl001,50,20,evening 19:00-20:00,0.5436,14.658
S2,apfl001,50,50,pre-commute 05:00-07:30,0.9538,53.673
S2,apfl001,50,50,commute 07:30-09:30,0.7590,42.891
S2,apfl001,50,50,daytime 09:30-16:00,0.6191,35.144
S2,apfl001,50,50,return 16:00-19:00,0.5730,32.590
S2,apfl001,50,50,evening 19:00-20:00,0.5436,30.966
S2,apfl001,100,20,pre-commute 05:00-07:30,0.9538,22.557
S2,apfl001,100,20,commute 07:30-09:30,0.7590,18.130
S2,apfl001,100,20,daytime 09:30-16:00,0.6191,14.948
S2,apfl001,100,20,return 16:00-19:00,0.5730,13.900
S2,apfl001,100,20,evening 19:00-20:00,0.5436,13.233
S2,apfl001,100,50,pre-commute 05:00-07:30,0.9538,51.173
S2,apfl001,100,50,commute 07:30-09:30,0.7590,40.901
S2,apfl001,100,50,daytime 09:30-16:00,0.6191,33.521
S2,apfl001,100,50,return 16:00-19:00,0.5730,31.088
S2,apfl001,100,50,evening 19:00-20:00,0.5436,29.541
S2,apfl010,10,20,pre-commute 05:00-07:30,0.8837,41.813
S2,apfl010,10,20,commute 07:30-09:30,0.7504,35.635
S2,apfl010,10,20,daytime 09:30-16:00,0.6625,31.567
S2,apfl010,10,20,return 16:00-19:00,0.5983,28.591
S2,apfl010,10,20,evening 19:00-20:00,0.5633,26.970
S2,apfl010,10,50,pre-commute 05:00-07:30,0.8837,68.325
S2,apfl010,10,50,commute 07:30-09:30,0.7504,58.146
S2,apfl010,10,50,daytime 09:30-16:00,0.6625,51.442
S2,apfl010,10,50,return 16:00-19:00,0.5983,46.540
S2,apfl010,10,50,evening 19:00-20:00,0.5633,43.868
S2,apfl010,50,20,pre-commute 05:00-07:30,0.8837,23.280
S2,apfl010,50,20,commute 07:30-09:30,0.7504,19.899
S2,apfl010,50,20,daytime 09:30-16:00,0.6625,17.673
S2,apfl010,50,20,return 16:00-19:00,0.5983,16.044
S2,apfl010,50,20,evening 19:00-20:00,0.5633,15.157
S2,apfl010,50,50,pre-commute 05:00-07:30,0.8837,49.792
S2,apfl010,50,50,commute 07:30-09:30,0.7504,42.410
S2,apfl010,50,50,daytime 09:30-16:00,0.6625,37.548
S2,apfl010,50,50,return 16:00-19:00,0.5983,33.993
S2,apfl010,50,50,evening 19:00-20:00,0.5633,32.055
S2,apfl010,100,20,pre-commute 05:00-07:30,0.8837,20.964
S2,apfl010,100,20,commute 07:30-09:30,0.7504,17.932
S2,apfl010,100,20,daytime 09:30-16:00,0.6625,15.936
S2,apfl010,100,20,return 16:00-19:00,0.5983,14.476
S2,apfl010,100,20,evening 19:00-20:00,0.5633,13.680
S2,apfl010,100,50,pre-commute 05:00-07:30,0.8837,47.475
S2,apfl010,100,50,commute 07:30-09:30,0.7504,40.443
S2,apfl010,100,50,daytime 09:30-16:00,0.6625,35.811
S2,apfl010,100,50,return 16:00-19:00,0.5983,32.425
S2,apfl010,100,50,evening 19:00-20:00,0.5633,30.579
S2,driftgate_own,10,20,pre-commute 05:00-07:30,0.9768,46.127
S2,driftgate_own,10,20,commute 07:30-09:30,0.7825,37.126
S2,driftgate_own,10,20,daytime 09:30-16:00,0.7288,34.635
S2,driftgate_own,10,20,return 16:00-19:00,0.6532,31.134
S2,driftgate_own,10,20,evening 19:00-20:00,0.6311,30.111
S2,driftgate_own,10,50,pre-commute 05:00-07:30,0.9768,75.432
S2,driftgate_own,10,50,commute 07:30-09:30,0.7825,60.602
S2,driftgate_own,10,50,daytime 09:30-16:00,0.7288,56.497
S2,driftgate_own,10,50,return 16:00-19:00,0.6532,50.729
S2,driftgate_own,10,50,evening 19:00-20:00,0.6311,49.045
S2,driftgate_own,50,20,pre-commute 05:00-07:30,0.9768,25.641
S2,driftgate_own,50,20,commute 07:30-09:30,0.7825,20.715
S2,driftgate_own,50,20,daytime 09:30-16:00,0.7288,19.352
S2,driftgate_own,50,20,return 16:00-19:00,0.6532,17.436
S2,driftgate_own,50,20,evening 19:00-20:00,0.6311,16.876
S2,driftgate_own,50,50,pre-commute 05:00-07:30,0.9768,54.946
S2,driftgate_own,50,50,commute 07:30-09:30,0.7825,44.191
S2,driftgate_own,50,50,daytime 09:30-16:00,0.7288,41.214
S2,driftgate_own,50,50,return 16:00-19:00,0.6532,37.031
S2,driftgate_own,50,50,evening 19:00-20:00,0.6311,35.809
S2,driftgate_own,100,20,pre-commute 05:00-07:30,0.9768,23.080
S2,driftgate_own,100,20,commute 07:30-09:30,0.7825,18.664
S2,driftgate_own,100,20,daytime 09:30-16:00,0.7288,17.441
S2,driftgate_own,100,20,return 16:00-19:00,0.6532,15.723
S2,driftgate_own,100,20,evening 19:00-20:00,0.6311,15.222
S2,driftgate_own,100,50,pre-commute 05:00-07:30,0.9768,52.386
S2,driftgate_own,100,50,commute 07:30-09:30,0.7825,42.140
S2,driftgate_own,100,50,daytime 09:30-16:00,0.7288,39.304
S2,driftgate_own,100,50,return 16:00-19:00,0.6532,35.318
S2,driftgate_own,100,50,evening 19:00-20:00,0.6311,34.155
S2,entropy_own,10,20,pre-commute 05:00-07:30,0.9768,46.123
S2,entropy_own,10,20,commute 07:30-09:30,0.8470,40.114
S2,entropy_own,10,20,daytime 09:30-16:00,0.7239,34.412
S2,entropy_own,10,20,return 16:00-19:00,0.5648,27.040
S2,entropy_own,10,20,evening 19:00-20:00,0.5268,25.278
S2,entropy_own,10,50,pre-commute 05:00-07:30,0.9768,75.426
S2,entropy_own,10,50,commute 07:30-09:30,0.8470,65.526
S2,entropy_own,10,50,daytime 09:30-16:00,0.7239,56.130
S2,entropy_own,10,50,return 16:00-19:00,0.5648,43.985
S2,entropy_own,10,50,evening 19:00-20:00,0.5268,41.081
S2,entropy_own,50,20,pre-commute 05:00-07:30,0.9768,25.639
S2,entropy_own,50,20,commute 07:30-09:30,0.8470,22.350
S2,entropy_own,50,20,daytime 09:30-16:00,0.7239,19.229
S2,entropy_own,50,20,return 16:00-19:00,0.5648,15.195
S2,entropy_own,50,20,evening 19:00-20:00,0.5268,14.231
S2,entropy_own,50,50,pre-commute 05:00-07:30,0.9768,54.942
S2,entropy_own,50,50,commute 07:30-09:30,0.8470,47.762
S2,entropy_own,50,50,daytime 09:30-16:00,0.7239,40.948
S2,entropy_own,50,50,return 16:00-19:00,0.5648,32.140
S2,entropy_own,50,50,evening 19:00-20:00,0.5268,30.034
S2,entropy_own,100,20,pre-commute 05:00-07:30,0.9768,23.079
S2,entropy_own,100,20,commute 07:30-09:30,0.8470,20.130
S2,entropy_own,100,20,daytime 09:30-16:00,0.7239,17.332
S2,entropy_own,100,20,return 16:00-19:00,0.5648,13.715
S2,entropy_own,100,20,evening 19:00-20:00,0.5268,12.850
S2,entropy_own,100,50,pre-commute 05:00-07:30,0.9768,52.382
S2,entropy_own,100,50,commute 07:30-09:30,0.8470,45.541
S2,entropy_own,100,50,daytime 09:30-16:00,0.7239,39.050
S2,entropy_own,100,50,return 16:00-19:00,0.5648,30.659
S2,entropy_own,100,50,evening 19:00-20:00,0.5268,28.653
S2,fixed015,10,20,pre-commute 05:00-07:30,0.9953,46.983
S2,fixed015,10,20,commute 07:30-09:30,0.9805,46.299
S2,fixed015,10,20,daytime 09:30-16:00,0.9339,44.136
S2,fixed015,10,20,return 16:00-19:00,0.8885,42.036
S2,fixed015,10,20,evening 19:00-20:00,0.8725,41.296
S2,fixed015,10,50,pre-commute 05:00-07:30,0.9953,76.843
S2,fixed015,10,50,commute 07:30-09:30,0.9805,75.715
S2,fixed015,10,50,daytime 09:30-16:00,0.9339,72.152
S2,fixed015,10,50,return 16:00-19:00,0.8885,68.691
S2,fixed015,10,50,evening 19:00-20:00,0.8725,67.472
S2,fixed015,50,20,pre-commute 05:00-07:30,0.9953,26.110
S2,fixed015,50,20,commute 07:30-09:30,0.9805,25.735
S2,fixed015,50,20,daytime 09:30-16:00,0.9339,24.551
S2,fixed015,50,20,return 16:00-19:00,0.8885,23.402
S2,fixed015,50,20,evening 19:00-20:00,0.8725,22.997
S2,fixed015,50,50,pre-commute 05:00-07:30,0.9953,55.969
S2,fixed015,50,50,commute 07:30-09:30,0.9805,55.151
S2,fixed015,50,50,daytime 09:30-16:00,0.9339,52.567
S2,fixed015,50,50,return 16:00-19:00,0.8885,50.058
S2,fixed015,50,50,evening 19:00-20:00,0.8725,49.173
S2,fixed015,100,20,pre-commute 05:00-07:30,0.9953,23.500
S2,fixed015,100,20,commute 07:30-09:30,0.9805,23.164
S2,fixed015,100,20,daytime 09:30-16:00,0.9339,22.103
S2,fixed015,100,20,return 16:00-19:00,0.8885,21.073
S2,fixed015,100,20,evening 19:00-20:00,0.8725,20.710
S2,fixed015,100,50,pre-commute 05:00-07:30,0.9953,53.360
S2,fixed015,100,50,commute 07:30-09:30,0.9805,52.581
S2,fixed015,100,50,daytime 09:30-16:00,0.9339,50.119
S2,fixed015,100,50,return 16:00-19:00,0.8885,47.728
S2,fixed015,100,50,evening 19:00-20:00,0.8725,46.886
S2,fixed020,10,20,pre-commute 05:00-07:30,0.9939,46.916
S2,fixed020,10,20,commute 07:30-09:30,0.9752,46.053
S2,fixed020,10,20,daytime 09:30-16:00,0.9181,43.407
S2,fixed020,10,20,return 16:00-19:00,0.8675,41.062
S2,fixed020,10,20,evening 19:00-20:00,0.8483,40.174
S2,fixed020,10,50,pre-commute 05:00-07:30,0.9939,76.733
S2,fixed020,10,50,commute 07:30-09:30,0.9752,75.310
S2,fixed020,10,50,daytime 09:30-16:00,0.9181,70.951
S2,fixed020,10,50,return 16:00-19:00,0.8675,67.087
S2,fixed020,10,50,evening 19:00-20:00,0.8483,65.624
S2,fixed020,50,20,pre-commute 05:00-07:30,0.9939,26.073
S2,fixed020,50,20,commute 07:30-09:30,0.9752,25.601
S2,fixed020,50,20,daytime 09:30-16:00,0.9181,24.153
S2,fixed020,50,20,return 16:00-19:00,0.8675,22.869
S2,fixed020,50,20,evening 19:00-20:00,0.8483,22.383
S2,fixed020,50,50,pre-commute 05:00-07:30,0.9939,55.889
S2,fixed020,50,50,commute 07:30-09:30,0.9752,54.858
S2,fixed020,50,50,daytime 09:30-16:00,0.9181,51.697
S2,fixed020,50,50,return 16:00-19:00,0.8675,48.894
S2,fixed020,50,50,evening 19:00-20:00,0.8483,47.833
S2,fixed020,100,20,pre-commute 05:00-07:30,0.9939,23.468
S2,fixed020,100,20,commute 07:30-09:30,0.9752,23.044
S2,fixed020,100,20,daytime 09:30-16:00,0.9181,21.746
S2,fixed020,100,20,return 16:00-19:00,0.8675,20.595
S2,fixed020,100,20,evening 19:00-20:00,0.8483,20.159
S2,fixed020,100,50,pre-commute 05:00-07:30,0.9939,53.284
S2,fixed020,100,50,commute 07:30-09:30,0.9752,52.301
S2,fixed020,100,50,daytime 09:30-16:00,0.9181,49.290
S2,fixed020,100,50,return 16:00-19:00,0.8675,46.620
S2,fixed020,100,50,evening 19:00-20:00,0.8483,45.609
S2,fixed030,10,20,pre-commute 05:00-07:30,0.9894,46.708
S2,fixed030,10,20,commute 07:30-09:30,0.9572,45.216
S2,fixed030,10,20,daytime 09:30-16:00,0.8754,41.429
S2,fixed030,10,20,return 16:00-19:00,0.8134,38.556
S2,fixed030,10,20,evening 19:00-20:00,0.7865,37.309
S2,fixed030,10,50,pre-commute 05:00-07:30,0.9894,76.390
S2,fixed030,10,50,commute 07:30-09:30,0.9572,73.932
S2,fixed030,10,50,daytime 09:30-16:00,0.8754,67.693
S2,fixed030,10,50,return 16:00-19:00,0.8134,62.958
S2,fixed030,10,50,evening 19:00-20:00,0.7865,60.904
S2,fixed030,50,20,pre-commute 05:00-07:30,0.9894,25.959
S2,fixed030,50,20,commute 07:30-09:30,0.9572,25.143
S2,fixed030,50,20,daytime 09:30-16:00,0.8754,23.070
S2,fixed030,50,20,return 16:00-19:00,0.8134,21.498
S2,fixed030,50,20,evening 19:00-20:00,0.7865,20.815
S2,fixed030,50,50,pre-commute 05:00-07:30,0.9894,55.641
S2,fixed030,50,50,commute 07:30-09:30,0.9572,53.858
S2,fixed030,50,50,daytime 09:30-16:00,0.8754,49.333
S2,fixed030,50,50,return 16:00-19:00,0.8134,45.900
S2,fixed030,50,50,evening 19:00-20:00,0.7865,44.410
S2,fixed030,100,20,pre-commute 05:00-07:30,0.9894,23.366
S2,fixed030,100,20,commute 07:30-09:30,0.9572,22.634
S2,fixed030,100,20,daytime 09:30-16:00,0.8754,20.775
S2,fixed030,100,20,return 16:00-19:00,0.8134,19.365
S2,fixed030,100,20,evening 19:00-20:00,0.7865,18.753
S2,fixed030,100,50,pre-commute 05:00-07:30,0.9894,53.047
S2,fixed030,100,50,commute 07:30-09:30,0.9572,51.349
S2,fixed030,100,50,daytime 09:30-16:00,0.8754,47.038
S2,fixed030,100,50,return 16:00-19:00,0.8134,43.767
S2,fixed030,100,50,evening 19:00-20:00,0.7865,42.348
S2,fixed040,10,20,pre-commute 05:00-07:30,0.9811,46.326
S2,fixed040,10,20,commute 07:30-09:30,0.9293,43.923
S2,fixed040,10,20,daytime 09:30-16:00,0.8214,38.929
S2,fixed040,10,20,return 16:00-19:00,0.7431,35.301
S2,fixed040,10,20,evening 19:00-20:00,0.7101,33.773
S2,fixed040,10,50,pre-commute 05:00-07:30,0.9811,75.760
S2,fixed040,10,50,commute 07:30-09:30,0.9293,71.801
S2,fixed040,10,50,daytime 09:30-16:00,0.8214,63.572
S2,fixed040,10,50,return 16:00-19:00,0.7431,57.595
S2,fixed040,10,50,evening 19:00-20:00,0.7101,55.077
S2,fixed040,50,20,pre-commute 05:00-07:30,0.9811,25.750
S2,fixed040,50,20,commute 07:30-09:30,0.9293,24.435
S2,fixed040,50,20,daytime 09:30-16:00,0.8214,21.702
S2,fixed040,50,20,return 16:00-19:00,0.7431,19.716
S2,fixed040,50,20,evening 19:00-20:00,0.7101,18.880
S2,fixed040,50,50,pre-commute 05:00-07:30,0.9811,55.184
S2,fixed040,50,50,commute 07:30-09:30,0.9293,52.313
S2,fixed040,50,50,daytime 09:30-16:00,0.8214,46.345
S2,fixed040,50,50,return 16:00-19:00,0.7431,42.010
S2,fixed040,50,50,evening 19:00-20:00,0.7101,40.184
S2,fixed040,100,20,pre-commute 05:00-07:30,0.9811,23.178
S2,fixed040,100,20,commute 07:30-09:30,0.9293,21.999
S2,fixed040,100,20,daytime 09:30-16:00,0.8214,19.548
S2,fixed040,100,20,return 16:00-19:00,0.7431,17.768
S2,fixed040,100,20,evening 19:00-20:00,0.7101,17.018
S2,fixed040,100,50,pre-commute 05:00-07:30,0.9811,52.612
S2,fixed040,100,50,commute 07:30-09:30,0.9293,49.877
S2,fixed040,100,50,daytime 09:30-16:00,0.8214,44.192
S2,fixed040,100,50,return 16:00-19:00,0.7431,40.062
S2,fixed040,100,50,evening 19:00-20:00,0.7101,38.322
S2,fixed050,10,20,pre-commute 05:00-07:30,0.9658,45.613
S2,fixed050,10,20,commute 07:30-09:30,0.8836,41.808
S2,fixed050,10,20,daytime 09:30-16:00,0.7516,35.692
S2,fixed050,10,20,return 16:00-19:00,0.6565,31.286
S2,fixed050,10,20,evening 19:00-20:00,0.6235,29.761
S2,fixed050,10,50,pre-commute 05:00-07:30,0.9658,74.586
S2,fixed050,10,50,commute 07:30-09:30,0.8836,68.316
S2,fixed050,10,50,daytime 09:30-16:00,0.7516,58.239
S2,fixed050,10,50,return 16:00-19:00,0.6565,50.981
S2,fixed050,10,50,evening 19:00-20:00,0.6235,48.467
S2,fixed050,50,20,pre-commute 05:00-07:30,0.9658,25.360
S2,fixed050,50,20,commute 07:30-09:30,0.8836,23.277
S2,fixed050,50,20,daytime 09:30-16:00,0.7516,19.930
S2,fixed050,50,20,return 16:00-19:00,0.6565,17.519
S2,fixed050,50,20,evening 19:00-20:00,0.6235,16.684
S2,fixed050,50,50,pre-commute 05:00-07:30,0.9658,54.333
S2,fixed050,50,50,commute 07:30-09:30,0.8836,49.785
S2,fixed050,50,50,daytime 09:30-16:00,0.7516,42.477
S2,fixed050,50,50,return 16:00-19:00,0.6565,37.213
S2,fixed050,50,50,evening 19:00-20:00,0.6235,35.391
S2,fixed050,100,20,pre-commute 05:00-07:30,0.9658,22.828
S2,fixed050,100,20,commute 07:30-09:30,0.8836,20.961
S2,fixed050,100,20,daytime 09:30-16:00,0.7516,17.960
S2,fixed050,100,20,return 16:00-19:00,0.6565,15.798
S2,fixed050,100,20,evening 19:00-20:00,0.6235,15.050
S2,fixed050,100,50,pre-commute 05:00-07:30,0.9658,51.801
S2,fixed050,100,50,commute 07:30-09:30,0.8836,47.469
S2,fixed050,100,50,daytime 09:30-16:00,0.7516,40.507
S2,fixed050,100,50,return 16:00-19:00,0.6565,35.493
S2,fixed050,100,50,evening 19:00-20:00,0.6235,33.756
S2,fixed060,10,20,pre-commute 05:00-07:30,0.9320,44.051
S2,fixed060,10,20,commute 07:30-09:30,0.8105,38.420
S2,fixed060,10,20,daytime 09:30-16:00,0.6609,31.493
S2,fixed060,10,20,return 16:00-19:00,0.5610,26.866
S2,fixed060,10,20,evening 19:00-20:00,0.5297,25.413
S2,fixed060,10,50,pre-commute 05:00-07:30,0.9320,72.011
S2,fixed060,10,50,commute 07:30-09:30,0.8105,62.734
S2,fixed060,10,50,daytime 09:30-16:00,0.6609,51.321
S2,fixed060,10,50,return 16:00-19:00,0.5610,43.697
S2,fixed060,10,50,evening 19:00-20:00,0.5297,41.303
S2,fixed060,50,20,pre-commute 05:00-07:30,0.9320,24.505
S2,fixed060,50,20,commute 07:30-09:30,0.8105,21.423
S2,fixed060,50,20,daytime 09:30-16:00,0.6609,17.632
S2,fixed060,50,20,return 16:00-19:00,0.5610,15.100
S2,fixed060,50,20,evening 19:00-20:00,0.5297,14.305
S2,fixed060,50,50,pre-commute 05:00-07:30,0.9320,52.465
S2,fixed060,50,50,commute 07:30-09:30,0.8105,45.737
S2,fixed060,50,50,daytime 09:30-16:00,0.6609,37.460
S2,fixed060,50,50,return 16:00-19:00,0.5610,31.931
S2,fixed060,50,50,evening 19:00-20:00,0.5297,30.195
S2,fixed060,100,20,pre-commute 05:00-07:30,0.9320,22.061
S2,fixed060,100,20,commute 07:30-09:30,0.8105,19.299
S2,fixed060,100,20,daytime 09:30-16:00,0.6609,15.900
S2,fixed060,100,20,return 16:00-19:00,0.5610,13.629
S2,fixed060,100,20,evening 19:00-20:00,0.5297,12.916
S2,fixed060,100,50,pre-commute 05:00-07:30,0.9320,50.022
S2,fixed060,100,50,commute 07:30-09:30,0.8105,43.612
S2,fixed060,100,50,daytime 09:30-16:00,0.6609,35.728
S2,fixed060,100,50,return 16:00-19:00,0.5610,30.460
S2,fixed060,100,50,evening 19:00-20:00,0.5297,28.806
