scenario,arm,seeds,bandwidth_mbps,rtt_ms,offload_rate,mean_e2e_ms,p95_e2e_ms,device_timing,edge_timing
S1,apfl001,0 1 2,10,20,0.7002,33.312,47.200,host AMD Ryzen Threadripper PRO 7965WX 24-Cores / cpu (host placeholder),NVIDIA GeForce RTX 4090 (CUDA 12.6)
S1,apfl001,0 1 2,10,50,0.7002,54.317,77.200,host AMD Ryzen Threadripper PRO 7965WX 24-Cores / cpu (host placeholder),NVIDIA GeForce RTX 4090 (CUDA 12.6)
S1,apfl001,0 1 2,50,20,0.7002,18.627,26.228,host AMD Ryzen Threadripper PRO 7965WX 24-Cores / cpu (host placeholder),NVIDIA GeForce RTX 4090 (CUDA 12.6)
S1,apfl001,0 1 2,50,50,0.7002,39.633,56.228,host AMD Ryzen Threadripper PRO 7965WX 24-Cores / cpu (host placeholder),NVIDIA GeForce RTX 4090 (CUDA 12.6)
S1,apfl001,0 1 2,100,20,0.7002,16.792,23.607,host AMD Ryzen Threadripper PRO 7965WX 24-Cores / cpu (host placeholder),NVIDIA GeForce RTX 4090 (CUDA 12.6)
S1,apfl001,0 1 2,100,50,0.7002,37.798,53.607,host AMD Ryzen Threadripper PRO 7965WX 24-Cores / cpu (host placeholder),NVIDIA GeForce RTX 4090 (CUDA 12.6)
S1,apfl010,0 1 2,10,20,0.7075,33.649,47.200,host AMD Ryzen Threadripper PRO 7965WX 24-Cores / cpu (host placeholder),NVIDIA GeForce RTX 4090 (CUDA 12.6)
S1,apfl010,0 1 2,10,50,0.7075,54.873,77.200,host AMD Ryzen Threadripper PRO 7965WX 24-Cores / cpu (host placeholder),NVIDIA GeForce RTX 4090 (CUDA 12.6)
S1,apfl010,0 1 2,50,20,0.7075,18.812,26.228,host AMD Ryzen Threadripper PRO 7965WX 24-Cores / cpu (host placeholder),NVIDIA GeForce RTX 4090 (CUDA 12.6)
S1,apfl010,0 1 2,50,50,0.7075,40.036,56.228,host AMD Ryzen Threadripper PRO 7965WX 24-Cores / cpu (host placeholder),NVIDIA GeForce RTX 4090 (CUDA 12.6)
S1,apfl010,0 1 2,100,20,0.7075,16.957,23.607,host AMD Ryzen Threadripper PRO 7965WX 24-Cores / cpu (host placeholder),NVIDIA GeForce RTX 4090 (CUDA 12.6)
S1,apfl010,0 1 2,100,50,0.7075,38.182,53.607,host AMD Ryzen Threadripper PRO 7965WX 24-Cores / cpu (host placeholder),NVIDIA GeForce RTX 4090 (CUDA 12.6)
S1,driftgate_own,0 1 2 3 4,10,20,0.9053,42.813,47.200,host AMD Ryzen Threadripper PRO 7965WX 24-Cores / cpu (host placeholder),NVIDIA GeForce RTX 4090 (CUDA 12.6)
S1,driftgate_own,0 1 2 3 4,10,50,0.9053,69.972,77.200,host AMD Ryzen Threadripper PRO 7965WX 24-Cores / cpu (host placeholder),NVIDIA GeForce RTX 4090 (CUDA 12.6)
S1,driftgate_own,0 1 2 3 4,50,20,0.9053,23.827,26.228,host AMD Ryzen Threadripper PRO 7965WX 24-Cores / cpu (host placeholder),NVIDIA GeForce RTX 4090 (CUDA 12.6)
S1,driftgate_own,0 1 2 3 4,50,50,0.9053,50.987,56.228,host AMD Ryzen Threadripper PRO 7965WX 24-Cores / cpu (host placeholder),NVIDIA GeForce RTX 4090 (CUDA 12.6)
S1,driftgate_own,0 1 2 3 4,100,20,0.9053,21.454,23.607,host AMD Ryzen Threadripper PRO 7965WX 24-Cores / cpu (host placeholder),NVIDIA GeForce RTX 4090 (CUDA 12.6)
S1,driftgate_own,0 1 2 3 4,100,50,0.9053,48.613,53.607,host AMD Ryzen Threadripper PRO 7965WX 24-Cores / cpu (host placeholder),NVIDIA GeForce RTX 4090 (CUDA 12.6)
S1,entropy_own,0 1 2 3 4,10,20,0.8189,38.808,47.200,host AMD Ryzen Threadripper PRO 7965WX 24-Cores / cpu (host placeholder),NVIDIA GeForce RTX 4090 (CUDA 12.6)
S1,entropy_own,0 1 2 3 4,10,50,0.8189,63.374,77.200,host AMD Ryzen Threadripper PRO 7965WX 24-Cores / cpu (host placeholder),NVIDIA GeForce RTX 4090 (CUDA 12.6)
S1,entropy_own,0 1 2 3 4,50,20,0.8189,21.636,26.228,host AMD Ryzen Threadripper PRO 7965WX 24-Cores / cpu (host placeholder),NVIDIA GeForce RTX 4090 (CUDA 12.6)
S1,entropy_own,0 1 2 3 4,50,50,0.8189,46.201,56.228,host AMD Ryzen Threadripper PRO 7965WX 24-Cores / cpu (host placeholder),NVIDIA GeForce RTX 4090 (CUDA 12.6)
S1,entropy_own,0 1 2 3 4,100,20,0.8189,19.489,23.607,host AMD Ryzen Threadripper PRO 7965WX 24-Cores / cpu (host placeholder),NVIDIA GeForce RTX 4090 (CUDA 12.6)
S1,entropy_own,0 1 2 3 4,100,50,0.8189,44.055,53.607,host AMD Ryzen Threadripper PRO 7965WX 24-Cores / cpu (host placeholder),NVIDIA GeForce RTX 4090 (CUDA 12.6)
S1,fixed015,0 1 2 3 4,10,20,0.9884,46.660,47.200,host AMD Ryzen Threadripper PRO 7965WX 24-Cores / cpu (host placeholder),NVIDIA GeForce RTX 4090 (CUDA 12.6)
S1,fixed015,0 1 2 3 4,10,50,0.9884,76.311,77.200,host AMD Ryzen Threadripper PRO 7965WX 24-Cores / cpu (host placeholder),NVIDIA GeForce RTX 4090 (CUDA 12.6)
S1,fixed015,0 1 2 3 4,50,20,0.9884,25.933,26.228,host AMD Ryzen Threadripper PRO 7965WX 24-Cores / cpu (host placeholder),NVIDIA GeForce RTX 4090 (CUDA 12.6)
S1,fixed015,0 1 2 3 4,50,50,0.9884,55.584,56.228,host AMD Ryzen Threadripper PRO 7965WX 24-Cores / cpu (host placeholder),NVIDIA GeForce RTX 4090 (CUDA 12.6)
S1,fixed015,0 1 2 3 4,100,20,0.9884,23.342,23.607,host AMD Ryzen Threadripper PRO 7965WX 24-Cores / cpu (host placeholder),NVIDIA GeForce RTX 4090 (CUDA 12.6)
S1,fixed015,0 1 2 3 4,100,50,0.9884,52.993,53.607,host AMD Ryzen Threadripper PRO 7965WX 24-Cores / cpu (host placeholder),NVIDIA GeForce RTX 4090 (CUDA 12.6)
S1,fixed020,0 1 2 3 4,10,20,0.9825,46.387,47.200,host AMD Ryzen Threadripper PRO 7965WX 24-Cores / cpu (host placeholder),NVIDIA GeForce RTX 4090 (CUDA 12.6)
S1,fixed020,0 1 2 3 4,10,50,0.9825,75.860,77.200,host AMD Ryzen Threadripper PRO 7965WX 24-Cores / cpu (host placeholder),NVIDIA GeForce RTX 4090 (CUDA 12.6)
S1,fixed020,0 1 2 3 4,50,20,0.9825,25.783,26.228,host AMD Ryzen Threadripper PRO 7965WX 24-Cores / cpu (host placeholder),NVIDIA GeForce RTX 4090 (CUDA 12.6)
S1,fixed020,0 1 2 3 4,50,50,0.9825,55.257,56.228,host AMD Ryzen Threadripper PRO 7965WX 24-Cores / cpu (host placeholder),NVIDIA GeForce RTX 4090 (CUDA 12.6)
S1,fixed020,0 1 2 3 4,100,20,0.9825,23.208,23.607,host AMD Ryzen Threadripper PRO 7965WX 24-Cores / cpu (host placeholder),NVIDIA GeForce RTX 4090 (CUDA 12.6)
S1,fixed020,0 1 2 3 4,100,50,0.9825,52.681,53.607,host AMD Ryzen Threadripper PRO 7965WX 24-Cores / cpu (host placeholder),NVIDIA GeForce RTX 4090 (CUDA 12.6)
S1,fixed030,0 1 2 3 4,10,20,0.9612,45.403,47.200,host AMD Ryzen Threadripper PRO 7965WX 24-Cores / cpu (host placeholder),NVIDIA GeForce RTX 4090 (CUDA 12.6)
S1,fixed030,0 1 2 3 4,10,50,0.9612,74.239,77.200,host AMD Ryzen Threadripper PRO 7965WX 24-Cores / cpu (host placeholder),NVIDIA GeForce RTX 4090 (CUDA 12.6)
S1,fixed030,0 1 2 3 4,50,20,0.9612,25.245,26.228,host AMD Ryzen Threadripper PRO 7965WX 24-Cores / cpu (host placeholder),NVIDIA GeForce RTX 4090 (CUDA 12.6)
S1,fixed030,0 1 2 3 4,50,50,0.9612,54.081,56.228,host AMD Ryzen Threadripper PRO 7965WX 24-Cores / cpu (host placeholder),NVIDIA GeForce RTX 4090 (CUDA 12.6)
S1,fixed030,0 1 2 3 4,100,20,0.9612,22.725,23.607,host AMD Ryzen Threadripper PRO 7965WX 24-Cores / cpu (host placeholder),NVIDIA GeForce RTX 4090 (CUDA 12.6)
S1,fixed030,0 1 2 3 4,100,50,0.9612,51.561,53.607,host AMD Ryzen Threadripper PRO 7965WX 24-Cores / cpu (host placeholder),NVIDIA GeForce RTX 4090 (CUDA 12.6)
S1,fixed040,0 1 2 3 4,10,20,0.9204,43.515,47.200,host AMD Ryzen Threadripper PRO 7965WX 24-Cores / cpu (host placeholder),NVIDIA GeForce RTX 4090 (CUDA 12.6)
S1,fixed040,0 1 2 3 4,10,50,0.9204,71.128,77.200,host AMD Ryzen Threadripper PRO 7965WX 24-Cores / cpu (host placeholder),NVIDIA GeForce RTX 4090 (CUDA 12.6)
S1,fixed040,0 1 2 3 4,50,20,0.9204,24.211,26.228,host AMD Ryzen Threadripper PRO 7965WX 24-Cores / cpu (host placeholder),NVIDIA GeForce RTX 4090 (CUDA 12.6)
S1,fixed040,0 1 2 3 4,50,50,0.9204,51.825,56.228,host AMD Ryzen Threadripper PRO 7965WX 24-Cores / cpu (host placeholder),NVIDIA GeForce RTX 4090 (CUDA 12.6)
S1,fixed040,0 1 2 3 4,100,20,0.9204,21.798,23.607,host AMD Ryzen Threadripper PRO 7965WX 24-Cores / cpu (host placeholder),NVIDIA GeForce RTX 4090 (CUDA 12.6)
S1,fixed040,0 1 2 3 4,100,50,0.9204,49.412,53.607,host AMD Ryzen Threadripper PRO 7965WX 24-Cores / cpu (host placeholder),NVIDIA GeForce RTX 4090 (CUDA 12.6)
S1,fixed050,0 1 2 3 4,10,20,0.8531,40.397,47.200,host AMD Ryzen Threadripper PRO 7965WX 24-Cores / cpu (host placeholder),NVIDIA GeForce RTX 4090 (CUDA 12.6)
S1,fixed050,0 1 2 3 4,10,50,0.8531,65.991,77.200,host AMD Ryzen Threadripper PRO 7965WX 24-Cores / cpu (host placeholder),NVIDIA GeForce RTX 4090 (CUDA 12.6)
S1,fixed050,0 1 2 3 4,50,20,0.8531,22.505,26.228,host AMD Ryzen Threadripper PRO 7965WX 24-Cores / cpu (host placeholder),NVIDIA GeForce RTX 4090 (CUDA 12.6)
S1,fixed050,0 1 2 3 4,50,50,0.8531,48.100,56.228,host AMD Ryzen Threadripper PRO 7965WX 24-Cores / cpu (host placeholder),NVIDIA GeForce RTX 4090 (CUDA 12.6)
S1,fixed050,0 1 2 3 4,100,20,0.8531,20.269,23.607,host AMD Ryzen Threadripper PRO 7965WX 24-Cores / cpu (host placeholder),NVIDIA GeForce RTX 4090 (CUDA 12.6)
S1,fixed050,0 1 2 3 4,100,50,0.8531,45.863,53.607,host AMD Ryzen Threadripper PRO 7965WX 24-Cores / cpu (host placeholder),NVIDIA GeForce RTX 4090 (CUDA 12.6)
S1,fixed060,0 1 2 3 4,10,20,0.7526,35.740,47.200,host AMD Ryzen Threadripper PRO 7965WX 24-Cores / cpu (host placeholder),NVIDIA GeForce RTX 4090 (CUDA 12.6)
S1,fixed060,0 1 2 3 4,10,50,0.7526,58.318,77.200,host AMD Ryzen Threadripper PRO 7965WX 24-Cores / cpu (host placeholder),NVIDIA GeForce RTX 4090 (CUDA 12.6)
S1,fixed060,0 1 2 3 4,50,20,0.7526,19.956,26.228,host AMD Ryzen Threadripper PRO 7965WX 24-Cores / cpu (host placeholder),NVIDIA GeForce RTX 4090 (CUDA 12.6)
S1,fixed060,0 1 2 3 4,50,50,0.7526,42.535,56.228,host AMD Ryzen Threadripper PRO 7965WX 24-Cores / cpu (host placeholder),NVIDIA GeForce RTX 4090 (CUDA 12.6)
S1,fixed060,0 1 2 3 4,100,20,0.7526,17.983,23.607,host AMD Ryzen Threadripper PRO 7965WX 24-Cores / cpu (host placeholder),NVIDIA GeForce RTX 4090 (CUDA 12.6)
S1,fixed060,0 1 2 3 4,100,50,0.7526,40.562,53.607,host AMD Ryzen Threadripper PRO 7965WX 24-Cores / cpu (host placeholder),NVIDIA GeForce RTX 4090 (CUDA 12.6)
S2,apfl001,0 1 2,10,20,0.6779,32.278,47.200,host AMD Ryzen Threadripper PRO 7965WX 24-Cores / cpu (host placeholder),NVIDIA GeForce RTX 4090 (CUDA 12.6)
S2,apfl001,0 1 2,10,50,0.6779,52.614,77.200,host AMD Ryzen Threadripper PRO 7965WX 24-Cores / cpu (host placeholder),NVIDIA GeForce RTX 4090 (CUDA 12.6)
S2,apfl001,0 1 2,50,20,0.6779,18.062,26.228,host AMD Ryzen Threadripper PRO 7965WX 24-Cores / cpu (host placeholder),NVIDIA GeForce RTX 4090 (CUDA 12.6)
S2,apfl001,0 1 2,50,50,0.6779,38.398,56.228,host AMD Ryzen Threadripper PRO 7965WX 24-Cores / cpu (host placeholder),NVIDIA GeForce RTX 4090 (CUDA 12.6)
S2,apfl001,0 1 2,100,20,0.6779,16.285,23.607,host AMD Ryzen Threadripper PRO 7965WX 24-Cores / cpu (host placeholder),NVIDIA GeForce RTX 4090 (CUDA 12.6)
S2,apfl001,0 1 2,100,50,0.6779,36.621,53.607,host AMD Ryzen Threadripper PRO 7965WX 24-Cores / cpu (host placeholder),NVIDIA GeForce RTX 4090 (CUDA 12.6)
S2,apfl010,0 1 2,10,20,0.6910,32.888,47.200,host AMD Ryzen Threadripper PRO 7965WX 24-Cores / cpu (host placeholder),NVIDIA GeForce RTX 4090 (CUDA 12.6)
S2,apfl010,0 1 2,10,50,0.6910,53.619,77.200,host AMD Ryzen Threadripper PRO 7965WX 24-Cores / cpu (host placeholder),NVIDIA GeForce RTX 4090 (CUDA 12.6)
S2,apfl010,0 1 2,50,20,0.6910,18.396,26.228,host AMD Ryzen Threadripper PRO 7965WX 24-Cores / cpu (host placeholder),NVIDIA GeForce RTX 4090 (CUDA 12.6)
S2,apfl010,0 1 2,50,50,0.6910,39.127,56.228,host AMD Ryzen Threadripper PRO 7965WX 24-Cores / cpu (host placeholder),NVIDIA GeForce RTX 4090 (CUDA 12.6)
S2,apfl010,0 1 2,100,20,0.6910,16.584,23.607,host AMD Ryzen Threadripper PRO 7965WX 24-Cores / cpu (host placeholder),NVIDIA GeForce RTX 4090 (CUDA 12.6)
S2,apfl010,0 1 2,100,50,0.6910,37.315,53.607,host AMD Ryzen Threadripper PRO 7965WX 24-Cores / cpu (host placeholder),NVIDIA GeForce RTX 4090 (CUDA 12.6)
S2,driftgate_own,0 1 2,10,20,0.7555,35.872,47.200,host AMD Ryzen Threadripper PRO 7965WX 24-Cores / cpu (host placeholder),NVIDIA GeForce RTX 4090 (CUDA 12.6)
S2,driftgate_own,0 1 2,10,50,0.7555,58.536,77.200,host AMD Ryzen Threadripper PRO 7965WX 24-Cores / cpu (host placeholder),NVIDIA GeForce RTX 4090 (CUDA 12.6)
S2,driftgate_own,0 1 2,50,20,0.7555,20.029,26.228,host AMD Ryzen Threadripper PRO 7965WX 24-Cores / cpu (host placeholder),NVIDIA GeForce RTX 4090 (CUDA 12.6)
S2,driftgate_own,0 1 2,50,50,0.7555,42.693,56.228,host AMD Ryzen Threadripper PRO 7965WX 24-Cores / cpu (host placeholder),NVIDIA GeForce RTX 4090 (CUDA 12.6)
S2,driftgate_own,0 1 2,100,20,0.7555,18.048,23.607,host AMD Ryzen Threadripper PRO 7965WX 24-Cores / cpu (host placeholder),NVIDIA GeForce RTX 4090 (CUDA 12.6)
S2,driftgate_own,0 1 2,100,50,0.7555,40.712,53.607,host AMD Ryzen Threadripper PRO 7965WX 24-Cores / cpu (host placeholder),NVIDIA GeForce RTX 4090 (CUDA 12.6)
S2,entropy_own,0 1 2,10,20,0.7371,35.022,47.200,host AMD Ryzen Threadripper PRO 7965WX 24-Cores / cpu (host placeholder),NVIDIA GeForce RTX 4090 (CUDA 12.6)
S2,entropy_own,0 1 2,10,50,0.7371,57.136,77.200,host AMD Ryzen Threadripper PRO 7965WX 24-Cores / cpu (host placeholder),NVIDIA GeForce RTX 4090 (CUDA 12.6)
S2,entropy_own,0 1 2,50,20,0.7371,19.564,26.228,host AMD Ryzen Threadripper PRO 7965WX 24-Cores / cpu (host placeholder),NVIDIA GeForce RTX 4090 (CUDA 12.6)
S2,entropy_own,0 1 2,50,50,0.7371,41.678,56.228,host AMD Ryzen Threadripper PRO 7965WX 24-Cores / cpu (host placeholder),NVIDIA GeForce RTX 4090 (CUDA 12.6)
S2,entropy_own,0 1 2,100,20,0.7371,17.631,23.607,host AMD Ryzen Threadripper PRO 7965WX 24-Cores / cpu (host placeholder),NVIDIA GeForce RTX 4090 (CUDA 12.6)
S2,entropy_own,0 1 2,100,50,0.7371,39.745,53.607,host AMD Ryzen Threadripper PRO 7965WX 24-Cores / cpu (host placeholder),NVIDIA GeForce RTX 4090 (CUDA 12.6)
S2,fixed015,0 1 2,10,20,0.9370,44.279,47.200,host AMD Ryzen Threadripper PRO 7965WX 24-Cores / cpu (host placeholder),NVIDIA GeForce RTX 4090 (CUDA 12.6)
S2,fixed015,0 1 2,10,50,0.9370,72.387,77.200,host AMD Ryzen Threadripper PRO 7965WX 24-Cores / cpu (host placeholder),NVIDIA GeForce RTX 4090 (CUDA 12.6)
S2,fixed015,0 1 2,50,20,0.9370,24.630,26.228,host AMD Ryzen Threadripper PRO 7965WX 24-Cores / cpu (host placeholder),NVIDIA GeForce RTX 4090 (CUDA 12.6)
S2,fixed015,0 1 2,50,50,0.9370,52.738,56.228,host AMD Ryzen Threadripper PRO 7965WX 24-Cores / cpu (host placeholder),NVIDIA GeForce RTX 4090 (CUDA 12.6)
S2,fixed015,0 1 2,100,20,0.9370,22.174,23.607,host AMD Ryzen Threadripper PRO 7965WX 24-Cores / cpu (host placeholder),NVIDIA GeForce RTX 4090 (CUDA 12.6)
S2,fixed015,0 1 2,100,50,0.9370,50.282,53.607,host AMD Ryzen Threadripper PRO 7965WX 24-Cores / cpu (host placeholder),NVIDIA GeForce RTX 4090 (CUDA 12.6)
S2,fixed020,0 1 2,10,20,0.9233,43.646,47.200,host AMD Ryzen Threadripper PRO 7965WX 24-Cores / cpu (host placeholder),NVIDIA GeForce RTX 4090 (CUDA 12.6)
S2,fixed020,0 1 2,10,50,0.9233,71.345,77.200,host AMD Ryzen Threadripper PRO 7965WX 24-Cores / cpu (host placeholder),NVIDIA GeForce RTX 4090 (CUDA 12.6)
S2,fixed020,0 1 2,50,20,0.9233,24.283,26.228,host AMD Ryzen Threadripper PRO 7965WX 24-Cores / cpu (host placeholder),NVIDIA GeForce RTX 4090 (CUDA 12.6)
S2,fixed020,0 1 2,50,50,0.9233,51.982,56.228,host AMD Ryzen Threadripper PRO 7965WX 24-Cores / cpu (host placeholder),NVIDIA GeForce RTX 4090 (CUDA 12.6)
S2,fixed020,0 1 2,100,20,0.9233,21.863,23.607,host AMD Ryzen Threadripper PRO 7965WX 24-Cores / cpu (host placeholder),NVIDIA GeForce RTX 4090 (CUDA 12.6)
S2,fixed020,0 1 2,100,50,0.9233,49.561,53.607,host AMD Ryzen Threadripper PRO 7965WX 24-Cores / cpu (host placeholder),NVIDIA GeForce RTX 4090 (CUDA 12.6)
S2,fixed030,0 1 2,10,20,0.8865,41.941,47.200,host AMD Ryzen Threadripper PRO 7965WX 24-Cores / cpu (host placeholder),NVIDIA GeForce RTX 4090 (CUDA 12.6)
S2,fixed030,0 1 2,10,50,0.8865,68.536,77.200,host AMD Ryzen Threadripper PRO 7965WX 24-Cores / cpu (host placeholder),NVIDIA GeForce RTX 4090 (CUDA 12.6)
S2,fixed030,0 1 2,50,20,0.8865,23.350,26.228,host AMD Ryzen Threadripper PRO 7965WX 24-Cores / cpu (host placeholder),NVIDIA GeForce RTX 4090 (CUDA 12.6)
S2,fixed030,0 1 2,50,50,0.8865,49.945,56.228,host AMD Ryzen Threadripper PRO 7965WX 24-Cores / cpu (host placeholder),NVIDIA GeForce RTX 4090 (CUDA 12.6)
S2,fixed030,0 1 2,100,20,0.8865,21.026,23.607,host AMD Ryzen Threadripper PRO 7965WX 24-Cores / cpu (host placeholder),NVIDIA GeForce RTX 4090 (CUDA 12.6)
S2,fixed030,0 1 2,100,50,0.8865,47.621,53.607,host AMD Ryzen Threadripper PRO 7965WX 24-Cores / cpu (host placeholder),NVIDIA GeForce RTX 4090 (CUDA 12.6)
S2,fixed040,0 1 2,10,20,0.8386,39.725,47.200,host AMD Ryzen Threadripper PRO 7965WX 24-Cores / cpu (host placeholder),NVIDIA GeForce RTX 4090 (CUDA 12.6)
S2,fixed040,0 1 2,10,50,0.8386,64.884,77.200,host AMD Ryzen Threadripper PRO 7965WX 24-Cores / cpu (host placeholder),NVIDIA GeForce RTX 4090 (CUDA 12.6)
S2,fixed040,0 1 2,50,20,0.8386,22.137,26.228,host AMD Ryzen Threadripper PRO 7965WX 24-Cores / cpu (host placeholder),NVIDIA GeForce RTX 4090 (CUDA 12.6)
S2,fixed040,0 1 2,50,50,0.8386,47.297,56.228,host AMD Ryzen Threadripper PRO 7965WX 24-Cores / cpu (host placeholder),NVIDIA GeForce RTX 4090 (CUDA 12.6)
S2,fixed040,0 1 2,100,20,0.8386,19.939,23.607,host AMD Ryzen Threadripper PRO 7965WX 24-Cores / cpu (host placeholder),NVIDIA GeForce RTX 4090 (CUDA 12.6)
S2,fixed040,0 1 2,100,50,0.8386,45.098,53.607,host AMD Ryzen Threadripper PRO 7965WX 24-Cores / cpu (host placeholder),NVIDIA GeForce RTX 4090 (CUDA 12.6)
S2,fixed050,0 1 2,10,20,0.7764,36.842,47.200,host AMD Ryzen Threadripper PRO 7965WX 24-Cores / cpu (host placeholder),NVIDIA GeForce RTX 4090 (CUDA 12.6)
S2,fixed050,0 1 2,10,50,0.7764,60.134,77.200,host AMD Ryzen Threadripper PRO 7965WX 24-Cores / cpu (host placeholder),NVIDIA GeForce RTX 4090 (CUDA 12.6)
S2,fixed050,0 1 2,50,20,0.7764,20.560,26.228,host AMD Ryzen Threadripper PRO 7965WX 24-Cores / cpu (host placeholder),NVIDIA GeForce RTX 4090 (CUDA 12.6)
S2,fixed050,0 1 2,50,50,0.7764,43.852,56.228,host AMD Ryzen Threadripper PRO 7965WX 24-Cores / cpu (host placeholder),NVIDIA GeForce RTX 4090 (CUDA 12.6)
S2,fixed050,0 1 2,100,20,0.7764,18.524,23.607,host AMD Ryzen Threadripper PRO 7965WX 24-Cores / cpu (host placeholder),NVIDIA GeForce RTX 4090 (CUDA 12.6)
S2,fixed050,0 1 2,100,50,0.7764,41.816,53.607,host AMD Ryzen Threadripper PRO 7965WX 24-Cores / cpu (host placeholder),NVIDIA GeForce RTX 4090 (CUDA 12.6)
S2,fixed060,0 1 2,10,20,0.6962,33.127,47.200,host AMD Ryzen Threadripper PRO 7965WX 24-Cores / cpu (host placeholder),NVIDIA GeForce RTX 4090 (CUDA 12.6)
S2,fixed060,0 1 2,10,50,0.6962,54.012,77.200,host AMD Ryzen Threadripper PRO 7965WX 24-Cores / cpu (host placeholder),NVIDIA GeForce RTX 4090 (CUDA 12.6)
S2,fixed060,0 1 2,50,20,0.6962,18.526,26.228,host AMD Ryzen Threadripper PRO 7965WX 24-Cores / cpu (host placeholder),NVIDIA GeForce RTX 4090 (CUDA 12.6)
S2,fixed060,0 1 2,50,50,0.6962,39.412,56.228,host AMD Ryzen Threadripper PRO 7965WX 24-Cores / cpu (host placeholder),NVIDIA GeForce RTX 4090 (CUDA 12.6)
S2,fixed060,0 1 2,100,20,0.6962,16.701,23.607,host AMD Ryzen Threadripper PRO 7965WX 24-Cores / cpu (host placeholder),NVIDIA GeForce RTX 4090 (CUDA 12.6)
S2,fixed060,0 1 2,100,50,0.6962,37.587,53.607,host AMD Ryzen Threadripper PRO 7965WX 24-Cores / cpu (host placeholder),NVIDIA GeForce RTX 4090 (CUDA 12.6)
