setting,rule,all mean (SD),realized offloading,minus entropy DriftGate-P pp,home,away,Main,OOP,OOR
S1,entropy: edge answer,70.73 (1.98),0.500 (0.000),-0.45 (0.33),80.76 (1.57),56.65 (3.09),84.53 (2.11),38.77 (1.75),14.08 (2.65)
S1,entropy: Probability average,71.33 (1.78),0.500 (0.000),0.15 (0.18),82.26 (1.60),56.13 (2.62),88.18 (2.25),31.22 (1.11),9.66 (1.90)
S1,entropy: Logit sum,71.22 (1.77),0.500 (0.000),0.04 (0.27),82.33 (1.51),55.81 (2.74),88.59 (2.21),29.53 (1.14),9.64 (1.92)
S1,entropy: DriftGate-P,71.17 (1.69),0.500 (0.000),0.00 (0.00),83.13 (1.64),54.72 (2.22),90.26 (2.16),26.16 (1.24),7.46 (1.64)
S1,distance D1@0.1: R-a,70.21 (1.47),0.500 (0.000),-0.96 (0.28),82.31 (1.52),53.73 (2.28),89.53 (1.80),24.37 (1.15),7.19 (1.63)
S1,distance D1@0.1: R-c,70.73 (1.60),0.500 (0.000),-0.45 (0.26),82.31 (1.53),54.88 (2.53),89.17 (1.81),27.17 (1.46),8.34 (2.04)
S1,distance D2@0.1: R-a,70.28 (1.60),0.500 (0.000),-0.90 (0.17),82.30 (1.62),54.07 (2.61),89.53 (1.77),24.65 (1.79),7.22 (1.77)
S1,distance D2@0.1: R-c,70.70 (1.67),0.500 (0.000),-0.47 (0.24),82.33 (1.62),55.03 (2.77),89.34 (1.75),26.66 (1.93),7.94 (2.12)
S1,distance D3: R-a,70.17 (1.51),0.500 (0.000),-1.00 (0.26),82.18 (1.57),53.89 (2.48),89.42 (1.85),25.00 (1.07),6.94 (1.36)
S1,distance D3: R-c,70.42 (1.58),0.500 (0.000),-0.75 (0.22),82.21 (1.59),54.43 (2.59),89.27 (1.84),26.40 (1.28),7.42 (1.48)
S2,entropy: edge answer,74.91 (3.92),0.500 (0.000),-1.09 (1.23),80.44 (4.73),57.43 (1.47),85.09 (4.35),47.53 (5.69),12.49 (1.93)
S2,entropy: Probability average,75.54 (3.36),0.500 (0.000),-0.47 (0.69),81.60 (4.26),56.40 (1.03),87.37 (3.62),40.57 (5.68),9.26 (1.60)
S2,entropy: Logit sum,75.48 (3.18),0.500 (0.000),-0.53 (0.57),81.62 (4.05),56.18 (0.99),87.59 (3.33),39.02 (5.98),9.09 (1.56)
S2,entropy: DriftGate-P,76.01 (2.68),0.500 (0.000),0.00 (0.00),82.77 (3.55),54.81 (0.49),89.49 (2.55),34.25 (6.40),7.12 (1.09)
S2,distance D1@0.1: R-a,74.66 (2.72),0.500 (0.000),-1.35 (0.56),81.32 (3.54),53.60 (1.12),88.27 (2.59),31.61 (6.22),6.67 (1.09)
S2,distance D1@0.1: R-c,74.87 (2.77),0.500 (0.000),-1.14 (0.50),81.34 (3.63),54.52 (0.96),88.02 (2.72),33.84 (6.18),7.57 (1.12)
S2,distance D2@0.1: R-a,74.69 (2.82),0.500 (0.000),-1.31 (0.77),81.31 (3.71),53.75 (1.09),88.08 (2.78),32.93 (5.84),6.78 (1.17)
S2,distance D2@0.1: R-c,74.89 (2.82),0.500 (0.000),-1.12 (0.77),81.36 (3.73),54.50 (1.06),87.92 (2.81),34.71 (5.84),7.46 (1.06)
S2,distance D3: R-a,74.56 (3.00),0.488 (0.000),-1.45 (0.60),81.34 (3.88),53.04 (0.92),88.11 (2.82),32.44 (6.94),6.44 (1.33)
S2,distance D3: R-c,74.63 (3.00),0.488 (0.000),-1.37 (0.59),81.36 (3.92),53.32 (0.85),88.02 (2.88),33.36 (6.87),6.75 (1.35)
