seed,client,static_cells,basic_member_of_cluster,home_cell,main_classes,n_train
0,0,0,0,E,0 3,1428
0,1,0,0,E,5 7,717
0,2,0,0,E,0 7,977
0,3,0,0,E,4 6,811
0,4,0,0,E,6 7,620
0,5,0 1,0,E,0 6,1071
0,6,0 1,0,E,4 5,908
0,7,0 1,0,E,3 7,977
0,8,0 1,0,E,2 6,1071
0,9,0 1,0,E,3 6,1071
0,10,1,1,N,0 7,977
0,11,1,1,N,1 5,954
0,12,1,1,N,1 7,763
0,13,1,1,N,1 7,763
0,14,1,1,N,5 7,717
0,15,1 2,1,N,0 3,1428
0,16,1 2,1,N,0 2,1428
0,17,1 2,1,N,3 5,1168
0,18,1 2,1,N,0 2,1428
0,19,1 2,1,N,2 5,1168
0,20,2,2,W,1 5,954
0,21,2,2,W,4 8,908
0,22,2,2,W,5 8,908
0,23,2,2,W,1 6,857
0,24,2,2,W,6 8,811
0,25,2 3,2,W,4 5,908
0,26,2 3,2,W,4 5,908
0,27,2 3,2,W,4 8,908
0,28,2 3,2,W,1 5,954
0,29,2 3,2,W,1 6,857
0,30,3,3,S,1 2,1214
0,31,3,3,S,1 2,1214
0,32,3,3,S,1 7,763
0,33,3,3,S,6 8,811
0,34,3,3,S,7 8,717
0,35,3 4,3,S,3 7,977
0,36,3 4,3,S,2 8,1168
0,37,3 4,3,S,7 8,717
0,38,3 4,3,S,6 7,620
0,39,3 4,3,S,3 6,1071
0,40,4,4,H,7 8,717
0,41,4,4,H,4 7,717
0,42,4,4,H,4 9,2120
0,43,4,4,H,7 8,717
0,44,4,4,H,6 9,2023
0,45,4,4,H,4 7,717
0,46,4,4,H,4 6,811
0,47,4,4,H,6 7,620
0,48,4,4,H,7 8,717
0,49,4,4,H,4 9,2120
1,0,0,0,E,1 9,939
1,1,0,0,E,1 3,1180
1,2,0,0,E,1 4,1009
1,3,0,0,E,0 3,1079
1,4,0,0,E,0 4,908
1,5,0 1,0,E,1 3,1180
1,6,0 1,0,E,0 3,1079
1,7,0 1,0,E,4 9,838
1,8,0 1,0,E,1 9,939
1,9,0 1,0,E,3 9,1009
1,10,1,1,N,6 7,1000
1,11,1,1,N,7 9,884
1,12,1,1,N,6 7,1000
1,13,1,1,N,0 9,838
1,14,1,1,N,3 6,1125
1,15,1 2,1,N,6 8,794
1,16,1 2,1,N,6 8,794
1,17,1 2,1,N,3 5,1250
1,18,1 2,1,N,7 8,794
1,19,1 2,1,N,8 9,678
1,20,2,2,W,2 8,1960
1,21,2,2,W,0 5,1079
1,22,2,2,W,7 8,794
1,23,2,2,W,0 1,1009
1,24,2,2,W,5 7,1125
1,25,2 3,2,W,2 5,2291
1,26,2 3,2,W,0 8,748
1,27,2 3,2,W,0 5,1079
1,28,2 3,2,W,2 8,1960
1,29,2 3,2,W,7 9,884
1,30,3,3,S,8 9,678
1,31,3,3,S,4 7,954
1,32,3,3,S,4 8,748
1,33,3,3,S,0 4,908
1,34,3,3,S,4 8,748
1,35,3 4,3,S,4 8,748
1,36,3 4,3,S,7 8,794
1,37,3 4,3,S,5 8,919
1,38,3 4,3,S,5 7,1125
1,39,3 4,3,S,5 8,919
1,40,4,4,H,6 8,794
1,41,4,4,H,0 4,908
1,42,4,4,H,8 9,678
1,43,4,4,H,1 6,1055
1,44,4,4,H,6 9,884
1,45,4,4,H,1 4,1009
1,46,4,4,H,0 4,908
1,47,4,4,H,3 9,1009
1,48,4,4,H,6 9,884
1,49,4,4,H,1 6,1055
2,0,0,0,E,1 9,1488
2,1,0,0,E,5 9,692
2,2,0,0,E,6 9,692
2,3,0,0,E,5 6,908
2,4,0,0,E,6 9,692
2,5,0 1,0,E,6 9,692
2,6,0 1,0,E,5 9,692
2,7,0 1,0,E,1 6,1704
2,8,0 1,0,E,6 9,692
2,9,0 1,0,E,6 9,692
2,10,1,1,N,3 9,654
2,11,1,1,N,4 8,884
2,12,1,1,N,4 8,884
2,13,1,1,N,8 9,738
2,14,1,1,N,4 8,884
2,15,1 2,1,N,3 8,916
2,16,1 2,1,N,3 4,800
2,17,1 2,1,N,4 9,622
2,18,1 2,1,N,4 8,884
2,19,1 2,1,N,4 8,884
2,20,2,2,W,4 5,838
2,21,2,2,W,5 6,908
2,22,2,2,W,3 9,654
2,23,2,2,W,3 5,870
2,24,2,2,W,3 4,800
2,25,2 3,2,W,3 9,654
2,26,2 3,2,W,4 5,838
2,27,2 3,2,W,3 4,800
2,28,2 3,2,W,4 5,838
2,29,2 3,2,W,3 4,800
2,30,3,3,S,0 5,908
2,31,3,3,S,0 3,870
2,32,3,3,S,2 3,1130
2,33,3,3,S,0 2,1168
2,34,3,3,S,0 9,692
2,35,3 4,3,S,0 9,692
2,36,3 4,3,S,0 9,692
2,37,3 4,3,S,3 9,654
2,38,3 4,3,S,2 9,952
2,39,3 4,3,S,2 9,952
2,40,4,4,H,6 8,954
2,41,4,4,H,0 5,908
2,42,4,4,H,0 6,908
2,43,4,4,H,1 9,1488
2,44,4,4,H,0 1,1704
2,45,4,4,H,0 2,1168
2,46,4,4,H,6 8,954
2,47,4,4,H,8 9,738
2,48,4,4,H,0 2,1168
2,49,4,4,H,2 5,1168
3,0,0,0,E,2 7,982
3,1,0,0,E,8 9,811
3,2,0,0,E,8 9,811
3,3,0,0,E,8 9,811
3,4,0,0,E,4 7,1125
3,5,0 1,0,E,2 9,811
3,6,0 1,0,E,4 8,857
3,7,0 1,0,E,4 7,1125
3,8,0 1,0,E,7 8,982
3,9,0 1,0,E,8 9,811
3,10,1,1,N,2 6,651
3,11,1,1,N,6 9,748
3,12,1,1,N,3 6,710
3,13,1,1,N,1 2,2857
3,14,1,1,N,0 8,982
3,15,1 2,1,N,2 9,811
3,16,1 2,1,N,6 8,651
3,17,1 2,1,N,1 8,2857
3,18,1 2,1,N,2 8,714
3,19,1 2,1,N,6 9,748
3,20,2,2,W,3 9,870
3,21,2,2,W,5 7,1875
3,22,2,2,W,3 7,1041
3,23,2,2,W,3 8,773
3,24,2,2,W,3 8,773
3,25,2 3,2,W,3 7,1041
3,26,2 3,2,W,5 8,1607
3,27,2 3,2,W,3 7,1041
3,28,2 3,2,W,8 9,811
3,29,2 3,2,W,3 9,870
3,30,3,3,S,0 6,919
3,31,3,3,S,3 5,1666
3,32,3,3,S,3 6,710
3,33,3,3,S,2 6,651
3,34,3,3,S,0 3,1041
3,35,3 4,3,S,0 6,919
3,36,3 4,3,S,0 6,919
3,37,3 4,3,S,2 5,1607
3,38,3 4,3,S,3 6,710
3,39,3 4,3,S,0 2,982
3,40,4,4,H,2 4,857
3,41,4,4,H,0 4,1125
3,42,4,4,H,2 6,651
3,43,4,4,H,4 6,794
3,44,4,4,H,4 6,794
3,45,4,4,H,0 4,1125
3,46,4,4,H,2 4,857
3,47,4,4,H,2 6,651
3,48,4,4,H,2 6,651
3,49,4,4,H,4 6,794
4,0,0,0,E,4 6,766
4,1,0,0,E,3 8,1214
4,2,0,0,E,3 8,1214
4,3,0,0,E,4 6,766
4,4,0,0,E,1 4,696
4,5,0 1,0,E,1 4,696
4,6,0 1,0,E,4 8,812
4,7,0 1,0,E,3 8,1214
4,8,0 1,0,E,6 8,954
4,9,0 1,0,E,4 8,812
4,10,1,1,N,1 6,838
4,11,1,1,N,0 1,696
4,12,1,1,N,1 4,696
4,13,1,1,N,0 6,766
4,14,1,1,N,0 1,696
4,15,1 2,1,N,4 6,766
4,16,1 2,1,N,4 6,766
4,17,1 2,1,N,0 4,624
4,18,1 2,1,N,0 1,696
4,19,1 2,1,N,0 6,766
4,20,2,2,W,3 9,1714
4,21,2,2,W,1 2,838
4,22,2,2,W,2 3,1168
4,23,2,2,W,5 9,1454
4,24,2,2,W,2 5,908
4,25,2 3,2,W,1 2,838
4,26,2 3,2,W,0 9,1312
4,27,2 3,2,W,1 9,1384
4,28,2 3,2,W,2 5,908
4,29,2 3,2,W,1 5,838
4,30,3,3,S,0 2,766
4,31,3,3,S,1 2,838
4,32,3,3,S,0 3,1026
4,33,3,3,S,0 2,766
4,34,3,3,S,0 6,766
4,35,3 4,3,S,2 6,908
4,36,3 4,3,S,0 2,766
4,37,3 4,3,S,2 6,908
4,38,3 4,3,S,1 3,1098
4,39,3 4,3,S,0 4,624
4,40,4,4,H,4 5,766
4,41,4,4,H,5 8,954
4,42,4,4,H,4 5,766
4,43,4,4,H,4 8,812
4,44,4,4,H,0 5,766
4,45,4,4,H,0 5,766
4,46,4,4,H,4 8,812
4,47,4,4,H,5 9,1454
4,48,4,4,H,0 5,766
4,49,4,4,H,4 8,812
