scenario,training,curve,window,acc_at_server_use_0.1,acc_at_server_use_0.2,acc_at_server_use_0.3,acc_at_server_use_0.4,acc_at_server_use_0.5,acc_at_server_use_0.6,acc_at_server_use_0.7,acc_at_server_use_0.8,acc_at_server_use_0.9,acc_at_server_use_1.0
S1,fixed 0.4,E,late,63.02,63.59,63.95,64.18,64.31,64.39,64.46,64.57,64.67,64.73
S1,fixed 0.4,E,full,63.65,63.38,63.18,63.02,62.87,62.76,62.71,62.76,62.85,62.91
S1,fixed 0.4,SF,late,63.24,64.27,65.15,65.90,66.50,66.96,67.28,67.49,67.60,67.64
S1,fixed 0.4,SF,full,64.70,65.37,66.00,66.59,67.09,67.49,67.79,68.00,68.12,68.16
S1,fixed 0.4,SB3,late,63.20,64.10,64.83,65.45,65.94,66.30,66.56,66.72,66.79,66.81
S1,fixed 0.4,SB3,full,64.64,65.18,65.67,66.12,66.50,66.82,67.06,67.23,67.31,67.32
S1,fixed 0.4,R-ZTW,late,63.47,64.50,65.25,65.78,66.15,66.42,66.61,66.71,66.75,66.76
S1,fixed 0.4,R-ZTW,full,65.12,65.78,66.23,66.56,66.81,67.03,67.20,67.31,67.36,67.37
S1,DriftGate,E,late,62.25,62.71,63.03,63.29,63.50,63.68,63.84,63.96,64.01,64.02
S1,DriftGate,E,full,63.51,63.20,62.91,62.68,62.51,62.39,62.33,62.34,62.35,62.35
S1,DriftGate,SF,late,62.60,63.57,64.45,65.26,65.97,66.57,67.04,67.35,67.50,67.54
S1,DriftGate,SF,full,64.37,65.01,65.62,66.20,66.75,67.22,67.61,67.89,68.03,68.07
S1,DriftGate,SB3,late,62.42,63.15,63.78,64.34,64.85,65.28,65.61,65.82,65.91,65.93
S1,DriftGate,SB3,full,64.23,64.65,65.04,65.42,65.78,66.10,66.36,66.56,66.64,66.66
S1,DriftGate,R-ZTW,late,62.68,63.57,64.26,64.81,65.23,65.55,65.77,65.88,65.93,65.94
S1,DriftGate,R-ZTW,full,64.65,65.24,65.68,66.01,66.25,66.44,66.59,66.69,66.74,66.75
Schedule A,fixed 0.4,E,late,66.73,67.20,67.44,67.57,67.65,67.72,67.81,67.89,67.96,67.99
Schedule A,fixed 0.4,E,full,66.65,65.91,65.54,65.28,65.12,65.04,65.05,65.11,65.17,65.20
Schedule A,fixed 0.4,SF,late,67.02,67.93,68.65,69.24,69.70,70.06,70.32,70.48,70.56,70.58
Schedule A,fixed 0.4,SF,full,68.93,69.46,70.00,70.48,70.90,71.23,71.49,71.67,71.75,71.78
Schedule A,fixed 0.4,SB3,late,66.99,67.83,68.46,68.95,69.33,69.60,69.81,69.92,69.96,69.97
Schedule A,fixed 0.4,SB3,full,69.13,69.61,70.06,70.44,70.78,71.04,71.24,71.38,71.43,71.44
Schedule A,fixed 0.4,R-ZTW,late,67.28,68.24,68.89,69.29,69.55,69.74,69.86,69.92,69.94,69.95
Schedule A,fixed 0.4,R-ZTW,full,69.60,70.12,70.50,70.77,70.99,71.16,71.29,71.35,71.38,71.39
Schedule A,DriftGate,E,late,67.84,68.33,68.65,68.87,69.00,69.04,68.99,68.83,68.62,68.48
Schedule A,DriftGate,E,full,68.67,67.92,67.40,67.02,66.73,66.50,66.30,66.09,65.86,65.72
Schedule A,DriftGate,SF,late,67.99,68.79,69.51,70.15,70.70,71.16,71.48,71.63,71.68,71.67
Schedule A,DriftGate,SF,full,70.14,70.55,70.97,71.41,71.83,72.21,72.50,72.66,72.70,72.69
Schedule A,DriftGate,SB3,late,67.97,68.65,69.21,69.69,70.11,70.46,70.71,70.84,70.88,70.88
Schedule A,DriftGate,SB3,full,70.28,70.68,71.02,71.33,71.62,71.89,72.12,72.24,72.29,72.29
Schedule A,DriftGate,R-ZTW,late,68.19,69.02,69.64,70.15,70.52,70.75,70.87,70.91,70.91,70.91
Schedule A,DriftGate,R-ZTW,full,70.71,71.21,71.54,71.80,72.01,72.15,72.24,72.27,72.27,72.27
client mobility,fixed 0.4,E,late,63.20,62.75,62.29,61.89,61.57,61.38,61.42,61.64,61.90,62.03
client mobility,fixed 0.4,E,full,64.63,62.42,60.88,59.74,58.93,58.39,58.18,58.26,58.48,58.61
client mobility,fixed 0.4,SF,late,64.33,65.09,65.75,66.37,66.88,67.28,67.59,67.81,67.94,67.98
client mobility,fixed 0.4,SF,full,67.85,68.17,68.56,69.00,69.44,69.81,70.11,70.33,70.47,70.51
client mobility,fixed 0.4,SB3,late,63.99,64.54,65.06,65.56,65.99,66.34,66.62,66.82,66.93,66.96
client mobility,fixed 0.4,SB3,full,67.72,67.84,68.06,68.34,68.66,68.96,69.22,69.42,69.54,69.58
client mobility,fixed 0.4,R-ZTW,late,64.41,65.09,65.46,65.81,66.12,66.37,66.56,66.68,66.73,66.74
client mobility,fixed 0.4,R-ZTW,full,68.27,68.47,68.46,68.50,68.66,68.85,69.03,69.16,69.21,69.23
client mobility,DriftGate,E,late,64.41,64.97,65.10,64.98,64.65,64.19,63.62,63.05,62.61,62.48
client mobility,DriftGate,E,full,65.59,64.14,63.11,62.27,61.55,60.90,60.29,59.72,59.26,59.12
client mobility,DriftGate,SF,late,64.41,65.41,66.21,66.84,67.30,67.60,67.78,67.84,67.85,67.85
client mobility,DriftGate,SF,full,67.97,68.42,68.94,69.43,69.85,70.16,70.35,70.44,70.46,70.46
client mobility,DriftGate,SB3,late,64.60,65.62,66.40,67.03,67.49,67.81,68.00,68.08,68.10,68.11
client mobility,DriftGate,SB3,full,68.15,68.68,69.18,69.64,70.04,70.35,70.55,70.65,70.68,70.69
client mobility,DriftGate,R-ZTW,late,64.77,65.95,66.83,67.38,67.66,67.78,67.80,67.80,67.79,67.79
client mobility,DriftGate,R-ZTW,full,68.64,69.21,69.60,69.89,70.08,70.18,70.22,70.22,70.22,70.22
K=500,fixed 0.4,E,late,63.06,64.67,65.93,66.94,67.74,68.35,68.80,69.12,69.34,69.45
K=500,fixed 0.4,E,full,63.69,64.28,64.83,65.33,65.77,66.16,66.48,66.75,66.96,67.07
K=500,fixed 0.4,SF,late,63.02,64.74,66.19,67.39,68.37,69.11,69.64,69.98,70.16,70.22
K=500,fixed 0.4,SF,full,64.43,65.71,66.86,67.86,68.71,69.40,69.92,70.27,70.46,70.53
K=500,fixed 0.4,SB3,late,63.17,64.96,66.44,67.65,68.61,69.34,69.83,70.12,70.25,70.28
K=500,fixed 0.4,SB3,full,64.43,65.72,66.88,67.88,68.72,69.39,69.89,70.20,70.35,70.38
K=500,fixed 0.4,R-ZTW,late,63.41,65.36,66.92,68.09,68.91,69.45,69.79,69.97,70.05,70.07
K=500,fixed 0.4,R-ZTW,full,64.85,66.31,67.50,68.44,69.15,69.65,69.99,70.19,70.27,70.29
K=200,fixed 0.4,E,late,62.18,63.46,64.49,65.33,66.01,66.55,66.97,67.26,67.46,67.55
K=200,fixed 0.4,E,full,62.95,63.20,63.49,63.82,64.16,64.48,64.77,65.02,65.20,65.30
K=200,fixed 0.4,SF,late,62.24,63.76,65.06,66.17,67.07,67.77,68.27,68.58,68.74,68.79
K=200,fixed 0.4,SF,full,63.77,64.87,65.86,66.76,67.54,68.19,68.68,69.00,69.17,69.23
K=200,fixed 0.4,SB3,late,62.31,63.83,65.12,66.20,67.08,67.74,68.20,68.46,68.57,68.60
K=200,fixed 0.4,SB3,full,63.74,64.80,65.76,66.63,67.39,68.01,68.46,68.74,68.87,68.90
K=200,fixed 0.4,R-ZTW,late,62.54,64.21,65.57,66.61,67.37,67.88,68.19,68.36,68.42,68.44
K=200,fixed 0.4,R-ZTW,full,64.15,65.36,66.36,67.18,67.81,68.28,68.59,68.77,68.85,68.86
ResNet-18,fixed 0.4,E,late,63.27,62.62,61.51,60.26,59.01,58.11,57.49,57.12,56.97,56.92
ResNet-18,fixed 0.4,E,full,65.18,63.64,62.18,60.72,59.37,58.34,57.66,57.25,57.08,57.04
ResNet-18,fixed 0.4,SF,late,63.59,63.50,63.14,62.82,62.57,62.49,62.45,62.44,62.44,62.44
ResNet-18,fixed 0.4,SF,full,66.06,65.48,64.96,64.53,64.23,64.10,64.05,64.03,64.03,64.02
ResNet-18,fixed 0.4,SB3,late,63.64,63.83,63.92,63.99,64.00,64.00,64.00,64.00,64.00,64.00
ResNet-18,fixed 0.4,SB3,full,66.39,66.33,66.34,66.38,66.38,66.38,66.39,66.39,66.39,66.39
ResNet-18,fixed 0.4,R-ZTW,late,63.81,63.93,63.85,63.80,63.81,63.81,63.82,63.82,63.82,63.82
ResNet-18,fixed 0.4,R-ZTW,full,66.51,66.30,66.11,66.01,65.99,66.00,66.00,66.00,66.00,66.00
ResNet-18,DriftGate,E,late,62.88,62.55,61.95,61.01,59.95,59.03,58.47,58.22,58.08,57.95
ResNet-18,DriftGate,E,full,63.94,62.70,61.85,61.00,60.03,59.08,58.44,58.12,57.99,57.87
ResNet-18,DriftGate,SF,late,63.24,63.43,63.42,63.22,63.01,62.86,62.77,62.73,62.71,62.67
ResNet-18,DriftGate,SF,full,65.27,65.01,64.97,64.85,64.65,64.49,64.38,64.33,64.31,64.28
ResNet-18,DriftGate,SB3,late,63.25,63.55,63.65,63.66,63.66,63.66,63.66,63.66,63.66,63.66
ResNet-18,DriftGate,SB3,full,65.86,65.97,66.12,66.16,66.16,66.16,66.16,66.16,66.16,66.16
ResNet-18,DriftGate,R-ZTW,late,63.48,63.69,63.75,63.75,63.75,63.76,63.76,63.76,63.76,63.76
ResNet-18,DriftGate,R-ZTW,full,66.03,65.98,66.01,66.03,66.03,66.03,66.03,66.03,66.03,66.03
CIFAR-100 gradual,fixed 0.4,E,late,35.89,36.36,36.83,37.30,37.77,38.25,38.72,39.19,39.66,39.95
CIFAR-100 gradual,fixed 0.4,E,full,33.16,33.37,33.57,33.78,33.98,34.19,34.40,34.60,34.81,35.00
CIFAR-100 gradual,fixed 0.4,SF,late,36.32,37.22,38.13,39.03,39.94,40.84,41.74,42.65,43.55,44.02
CIFAR-100 gradual,fixed 0.4,SF,full,33.65,34.35,35.04,35.74,36.44,37.13,37.83,38.52,39.22,39.65
CIFAR-100 gradual,fixed 0.4,SB3,late,36.06,36.71,37.36,38.01,38.66,39.31,39.96,40.61,41.26,41.63
CIFAR-100 gradual,fixed 0.4,SB3,full,33.39,33.82,34.25,34.69,35.12,35.55,35.98,36.42,36.85,37.16
CIFAR-100 gradual,fixed 0.4,R-ZTW,late,36.35,37.31,38.25,39.15,40.02,40.82,41.54,42.15,42.58,42.73
CIFAR-100 gradual,fixed 0.4,R-ZTW,full,32.87,33.41,34.18,34.99,35.77,36.53,37.23,37.82,38.27,38.42
S2,fixed 0.4,E,late,68.99,68.99,68.83,68.55,68.27,68.09,68.03,68.02,68.03,68.06
S2,fixed 0.4,E,full,67.12,66.72,66.39,66.05,65.67,65.37,65.24,65.20,65.21,65.24
S2,fixed 0.4,SF,late,69.48,70.10,70.59,70.96,71.23,71.46,71.66,71.78,71.83,71.85
S2,fixed 0.4,SF,full,68.86,69.32,69.76,70.13,70.40,70.61,70.81,70.94,71.01,71.03
S2,fixed 0.4,SB3,late,69.29,69.71,70.04,70.25,70.43,70.59,70.74,70.81,70.84,70.85
S2,fixed 0.4,SB3,full,68.53,68.79,69.06,69.30,69.47,69.60,69.75,69.84,69.88,69.88
S2,fixed 0.4,R-ZTW,late,69.60,70.15,70.43,70.59,70.70,70.81,70.89,70.94,70.96,70.96
S2,fixed 0.4,R-ZTW,full,69.00,69.32,69.59,69.73,69.82,69.90,69.99,70.04,70.06,70.07
S1-fast,fixed 0.4,E,late,63.40,64.05,64.45,64.70,64.85,64.94,65.02,65.13,65.23,65.29
S1-fast,fixed 0.4,E,full,64.13,63.90,63.70,63.52,63.36,63.23,63.19,63.23,63.32,63.38
S1-fast,fixed 0.4,SF,late,63.61,64.70,65.64,66.44,67.07,67.54,67.88,68.10,68.22,68.27
S1-fast,fixed 0.4,SF,full,65.20,65.95,66.64,67.26,67.79,68.21,68.53,68.76,68.89,68.93
S1-fast,fixed 0.4,SB3,late,63.55,64.53,65.33,66.00,66.55,66.96,67.25,67.43,67.51,67.53
S1-fast,fixed 0.4,SB3,full,65.10,65.70,66.23,66.71,67.14,67.49,67.76,67.95,68.04,68.06
S1-fast,fixed 0.4,R-ZTW,late,63.77,64.86,65.71,66.33,66.77,67.09,67.30,67.41,67.45,67.46
S1-fast,fixed 0.4,R-ZTW,full,65.49,66.22,66.76,67.16,67.48,67.74,67.94,68.06,68.11,68.12
participation 0.5,fixed 0.4,E,late,61.10,61.06,60.76,60.32,59.81,59.26,58.76,58.41,58.26,58.24
participation 0.5,fixed 0.4,E,full,61.61,60.90,60.08,59.27,58.47,57.74,57.11,56.66,56.47,56.44
participation 0.5,fixed 0.4,SF,late,61.52,62.15,62.63,63.04,63.36,63.61,63.80,63.92,63.99,64.00
participation 0.5,fixed 0.4,SF,full,62.88,63.17,63.37,63.57,63.75,63.91,64.04,64.15,64.21,64.22
participation 0.5,fixed 0.4,SB3,late,61.39,61.84,62.12,62.33,62.50,62.63,62.73,62.81,62.85,62.86
participation 0.5,fixed 0.4,SB3,full,62.12,62.24,62.30,62.36,62.41,62.47,62.53,62.59,62.63,62.64
participation 0.5,fixed 0.4,R-ZTW,late,61.69,62.26,62.55,62.73,62.84,62.92,62.99,63.05,63.07,63.07
participation 0.5,fixed 0.4,R-ZTW,full,62.48,62.77,62.84,62.84,62.83,62.83,62.87,62.91,62.94,62.94
"ResNet-20, shallow split",fixed 0.4,E,late,57.04,55.10,52.71,50.07,47.28,44.40,41.49,38.59,35.77,33.59
"ResNet-20, shallow split",fixed 0.4,E,full,57.74,55.42,52.81,50.10,47.36,44.60,41.85,39.17,36.58,34.51
"ResNet-20, shallow split",fixed 0.4,SF,late,57.73,57.23,56.67,56.13,55.64,55.21,54.84,54.53,54.28,54.12
"ResNet-20, shallow split",fixed 0.4,SF,full,59.16,58.56,57.92,57.33,56.83,56.40,56.03,55.74,55.51,55.36
"ResNet-20, shallow split",fixed 0.4,SB3,late,57.78,57.37,57.00,56.73,56.54,56.41,56.32,56.26,56.22,56.21
"ResNet-20, shallow split",fixed 0.4,SB3,full,59.04,58.46,57.99,57.63,57.38,57.21,57.10,57.02,56.98,56.97
"ResNet-20, shallow split",fixed 0.4,R-ZTW,late,57.80,57.22,56.65,56.15,55.73,55.41,55.20,55.09,55.03,55.02
"ResNet-20, shallow split",fixed 0.4,R-ZTW,full,59.08,58.36,57.71,57.15,56.69,56.33,56.10,55.98,55.93,55.92
"ResNet-20, middle split",fixed 0.4,E,late,56.94,55.98,55.02,54.11,53.36,52.77,52.31,52.01,51.86,51.83
"ResNet-20, middle split",fixed 0.4,E,full,58.35,56.75,55.33,54.08,53.03,52.20,51.62,51.26,51.08,51.05
"ResNet-20, middle split",fixed 0.4,SF,late,57.65,57.53,57.45,57.38,57.34,57.31,57.30,57.29,57.29,57.29
"ResNet-20, middle split",fixed 0.4,SF,full,59.75,59.57,59.45,59.35,59.29,59.25,59.23,59.22,59.21,59.21
"ResNet-20, middle split",fixed 0.4,SB3,late,57.71,57.66,57.64,57.62,57.60,57.60,57.59,57.59,57.59,57.59
"ResNet-20, middle split",fixed 0.4,SB3,full,59.71,59.59,59.51,59.46,59.41,59.39,59.38,59.38,59.38,59.38
"ResNet-20, middle split",fixed 0.4,R-ZTW,late,57.70,57.55,57.48,57.44,57.43,57.41,57.40,57.40,57.40,57.40
"ResNet-20, middle split",fixed 0.4,R-ZTW,full,59.68,59.45,59.30,59.21,59.17,59.15,59.13,59.13,59.13,59.13
"VGG-11, shallow split",fixed 0.4,E,late,61.35,62.38,63.04,63.44,63.65,63.74,63.71,63.54,63.21,62.83
"VGG-11, shallow split",fixed 0.4,E,full,62.88,63.28,63.45,63.51,63.51,63.46,63.33,63.12,62.81,62.45
"VGG-11, shallow split",fixed 0.4,SF,late,61.46,63.02,64.37,65.50,66.46,67.27,67.93,68.40,68.61,68.63
"VGG-11, shallow split",fixed 0.4,SF,full,63.38,64.68,65.83,66.86,67.75,68.51,69.12,69.57,69.79,69.81
"VGG-11, shallow split",fixed 0.4,SB3,late,61.60,63.15,64.45,65.56,66.49,67.28,67.91,68.36,68.57,68.61
"VGG-11, shallow split",fixed 0.4,SB3,full,63.47,64.73,65.83,66.81,67.67,68.41,69.01,69.44,69.66,69.70
"VGG-11, shallow split",fixed 0.4,R-ZTW,late,61.99,63.84,65.40,66.70,67.69,68.40,68.88,69.17,69.32,69.36
"VGG-11, shallow split",fixed 0.4,R-ZTW,full,63.90,65.49,66.89,68.05,68.94,69.58,70.02,70.29,70.44,70.48
"VGG-11, middle split",fixed 0.4,E,late,65.70,66.39,66.67,66.73,66.64,66.46,66.22,66.01,65.89,65.85
"VGG-11, middle split",fixed 0.4,E,full,67.53,67.46,67.12,66.74,66.36,66.00,65.68,65.43,65.29,65.24
"VGG-11, middle split",fixed 0.4,SF,late,65.39,66.13,66.66,67.04,67.30,67.46,67.51,67.52,67.52,67.53
"VGG-11, middle split",fixed 0.4,SF,full,67.49,68.03,68.42,68.73,68.96,69.09,69.14,69.15,69.16,69.16
"VGG-11, middle split",fixed 0.4,SB3,late,65.76,66.74,67.43,67.94,68.29,68.50,68.58,68.60,68.61,68.61
"VGG-11, middle split",fixed 0.4,SB3,full,67.83,68.59,69.15,69.59,69.90,70.10,70.19,70.21,70.22,70.22
"VGG-11, middle split",fixed 0.4,R-ZTW,late,66.01,67.22,68.05,68.52,68.76,68.86,68.90,68.91,68.92,68.92
"VGG-11, middle split",fixed 0.4,R-ZTW,full,68.07,69.05,69.72,70.10,70.31,70.40,70.44,70.45,70.45,70.46
CIFAR-100,fixed 0.4,E,late,36.89,37.25,37.61,37.96,38.32,38.68,39.03,39.39,39.75,39.83
CIFAR-100,fixed 0.4,E,full,34.14,34.34,34.55,34.76,34.97,35.17,35.38,35.59,35.80,35.84
CIFAR-100,fixed 0.4,SF,late,37.40,38.25,39.11,39.97,40.83,41.68,42.54,43.40,44.26,44.74
CIFAR-100,fixed 0.4,SF,full,34.66,35.39,36.11,36.84,37.57,38.30,39.03,39.76,40.49,40.95
CIFAR-100,fixed 0.4,SB3,late,37.10,37.66,38.22,38.78,39.34,39.90,40.46,41.02,41.59,41.92
CIFAR-100,fixed 0.4,SB3,full,34.36,34.80,35.24,35.67,36.11,36.55,36.98,37.42,37.86,38.15
CIFAR-100,fixed 0.4,R-ZTW,late,37.47,38.40,39.30,40.16,40.98,41.74,42.42,42.99,43.37,43.49
CIFAR-100,fixed 0.4,R-ZTW,full,34.30,35.02,35.81,36.59,37.35,38.07,38.72,39.29,39.69,39.83
