setting,window,Confidence-based offloading,Probability average,Logit sum,Logit-entropy weighting,DriftGate
S1,full,40.98 (4.46),46.62 (5.07),46.38 (5.03),42.89 (4.62),48.00 (4.11)
S1,gt30,45.87 (5.20),47.23 (4.74),46.90 (4.88),46.20 (4.86),47.45 (3.89)
S1,gt50,47.48 (5.30),48.07 (4.81),47.77 (4.94),47.59 (4.97),48.29 (4.00)
S2,full,39.53 (2.73),45.89 (1.64),45.88 (1.52),41.62 (2.61),47.43 (0.89)
S2,gt30,42.80 (2.61),46.39 (2.01),46.19 (1.94),44.23 (2.63),46.80 (1.01)
S2,gt50,43.39 (3.56),46.48 (2.39),46.33 (2.28),44.47 (3.25),47.10 (0.97)
S1-fast,full,41.61 (2.36),47.99 (2.32),47.66 (2.29),43.65 (2.87),49.37 (1.02)
S1-fast,gt30,46.65 (2.59),48.84 (1.22),48.44 (1.39),47.26 (1.94),49.04 (0.57)
S1-fast,gt50,48.56 (2.39),49.92 (1.27),49.57 (1.44),48.87 (1.77),50.00 (0.59)
partial participation,full,31.28 (1.92),39.27 (1.92),39.67 (1.97),33.43 (1.96),43.24 (0.53)
partial participation,gt30,36.28 (3.28),41.89 (1.72),42.04 (1.80),37.70 (2.73),42.96 (0.87)
partial participation,gt50,38.23 (3.32),43.19 (1.28),43.28 (1.43),39.59 (2.55),44.12 (0.66)
K=200,full,44.48 (1.53),49.58 (0.94),49.44 (0.95),46.39 (1.49),49.85 (1.30)
K=200,gt30,50.06 (1.97),50.36 (0.97),49.98 (0.90),50.02 (1.69),49.64 (1.26)
K=200,gt50,51.60 (1.94),51.13 (0.95),50.73 (0.88),51.32 (1.68),50.48 (1.26)
K=500,full,47.44 (0.20),51.12 (0.57),50.88 (0.56),48.88 (0.30),51.01 (0.30)
K=500,gt30,53.22 (0.50),52.26 (0.37),51.73 (0.38),52.93 (0.32),50.93 (0.17)
K=500,gt50,54.68 (0.42),52.99 (0.45),52.41 (0.48),54.17 (0.27),51.74 (0.28)
S1 day 1 (retrained),full,40.98 (4.41),46.64 (5.05),46.41 (5.00),42.87 (4.59),48.03 (4.09)
S1 day 1 (retrained),gt30,45.87 (5.13),47.26 (4.73),46.94 (4.87),46.19 (4.82),47.51 (3.86)
S1 day 1 (retrained),gt50,47.48 (5.23),48.09 (4.80),47.80 (4.92),47.56 (4.94),48.34 (3.96)
S1 frozen replay,full,52.07 (6.21),52.39 (5.24),52.23 (5.51),52.34 (5.45),52.50 (4.49)
S1 frozen replay,gt30,50.59 (6.28),50.37 (5.13),50.12 (5.47),50.82 (5.37),49.94 (4.28)
S1 frozen replay,gt50,50.86 (6.16),50.73 (5.06),50.49 (5.40),51.09 (5.28),50.37 (4.20)
S2 day 1 (retrained),full,39.55 (2.79),45.91 (1.62),45.89 (1.49),41.67 (2.66),47.45 (0.86)
S2 day 1 (retrained),gt30,42.82 (2.67),46.42 (1.97),46.22 (1.88),44.28 (2.67),46.83 (0.97)
S2 day 1 (retrained),gt50,43.44 (3.63),46.51 (2.33),46.36 (2.19),44.56 (3.28),47.14 (0.92)
S2 frozen replay,full,52.26 (2.51),54.48 (0.32),54.22 (0.58),53.56 (1.26),53.97 (1.17)
S2 frozen replay,gt30,51.45 (2.66),53.37 (1.43),53.10 (1.56),52.56 (0.77),51.89 (2.05)
S2 frozen replay,gt50,51.59 (2.51),53.56 (1.50),53.26 (1.61),52.74 (0.61),51.99 (2.02)
