scenario,rule,day 1 (retrained) full mean (SD),frozen replay full mean (SD),replay - day 1 pp,replay home,replay away,replay Main,replay OOP,replay OOR
S1,Confidence-based offloading,62.86 (2.62),71.47 (1.98),8.60 (0.96),80.34 (1.38),59.40 (3.46),81.71 (1.94),47.15 (4.13),17.40 (3.19)
S1,Device only,64.17 (1.93),66.38 (1.28),2.21 (1.15),79.96 (1.43),47.69 (1.30),88.80 (1.44),10.77 (1.31),3.27 (0.71)
S1,Edge only,62.91 (2.61),71.74 (1.99),8.84 (0.94),80.34 (1.37),60.07 (3.45),81.30 (1.81),49.07 (4.46),17.89 (3.32)
S1,Probability average,67.32 (2.91),72.27 (1.75),4.95 (1.35),82.46 (1.43),58.50 (2.91),87.70 (2.20),36.04 (3.30),11.21 (2.27)
S1,Logit sum,67.37 (3.00),72.08 (1.74),4.71 (1.49),82.51 (1.34),58.01 (3.06),88.19 (2.16),33.95 (3.25),11.13 (2.16)
S1,Lower-entropy exit,64.35 (2.70),71.71 (1.85),7.36 (1.04),80.92 (1.40),59.16 (3.09),83.99 (2.12),43.54 (3.83),14.61 (2.94)
S1,Geometric ensemble with early exit,67.37 (3.00),72.03 (1.72),4.67 (1.50),82.49 (1.34),57.92 (3.02),88.19 (2.17),33.77 (3.19),11.11 (2.15)
S1,Label-shift EM,64.84 (2.17),70.17 (1.63),5.33 (0.93),82.72 (1.42),53.31 (2.70),91.54 (2.10),12.25 (2.21),3.45 (0.87)
S1,Learned weight,66.82 (2.99),72.13 (1.88),5.31 (1.38),81.07 (1.48),60.01 (3.43),84.88 (2.09),42.10 (3.98),14.05 (2.72)
S1,Logit-entropy weighting,64.35 (2.70),71.72 (1.86),7.37 (1.05),80.94 (1.41),59.16 (3.10),84.04 (2.13),43.46 (3.79),14.59 (2.95)
S1,DriftGate,68.32 (2.44),71.95 (1.56),3.62 (0.99),83.49 (1.52),56.52 (2.24),90.30 (2.05),29.86 (2.69),8.58 (1.74)
S1,correction + dev w 0.2,68.16 (2.53),72.58 (1.77),4.41 (0.92),83.40 (1.66),58.04 (2.55),89.65 (2.16),33.49 (2.93),9.98 (1.98)
S1,correction + w 0.5,68.13 (2.37),71.53 (1.44),3.40 (1.08),83.35 (1.39),55.74 (2.16),90.56 (1.88),27.18 (2.44),7.47 (1.56)
S2,Confidence-based offloading,65.24 (3.75),74.76 (4.03),9.52 (0.28),79.73 (5.07),58.84 (0.78),83.31 (5.47),52.38 (2.88),14.25 (2.69)
S2,Device only,69.06 (2.77),71.12 (3.13),2.07 (0.47),78.42 (3.74),47.91 (1.76),86.87 (2.98),16.82 (5.88),2.48 (1.53)
S2,Edge only,65.30 (3.78),74.94 (4.18),9.64 (0.40),79.84 (5.21),59.37 (0.79),83.16 (5.47),53.89 (3.61),14.53 (2.71)
S2,Probability average,69.93 (2.02),75.90 (3.29),5.97 (1.29),81.57 (4.37),57.96 (1.08),86.90 (4.00),43.68 (4.17),10.12 (1.79)
S2,Logit sum,70.12 (1.97),75.86 (3.08),5.74 (1.12),81.61 (4.10),57.75 (1.17),87.19 (3.59),41.92 (4.78),9.88 (1.69)
S2,Lower-entropy exit,66.71 (3.32),75.08 (4.03),8.37 (0.79),80.32 (5.16),58.41 (1.11),84.43 (5.35),49.89 (3.27),12.51 (1.95)
S2,Geometric ensemble with early exit,70.11 (1.96),75.82 (3.06),5.71 (1.10),81.59 (4.09),57.65 (1.15),87.18 (3.59),41.73 (4.72),9.85 (1.68)
S2,Label-shift EM,68.66 (0.53),74.77 (1.96),6.11 (1.43),81.95 (2.55),52.49 (0.41),90.76 (2.22),13.59 (2.64),2.72 (0.88)
S2,Learned weight,68.63 (2.29),74.53 (3.62),5.90 (1.35),79.69 (4.65),58.20 (1.34),84.02 (4.52),48.38 (4.07),11.96 (2.09)
S2,Logit-entropy weighting,66.71 (3.32),75.09 (4.03),8.38 (0.79),80.33 (5.16),58.41 (1.11),84.46 (5.35),49.78 (3.17),12.49 (1.95)
S2,DriftGate,71.74 (0.97),76.54 (2.52),4.80 (1.56),82.99 (3.50),56.27 (0.77),89.47 (2.62),36.90 (5.47),7.86 (1.10)
S2,correction + dev w 0.2,71.07 (0.83),76.66 (2.56),5.59 (1.75),82.91 (3.54),57.16 (0.61),89.03 (2.87),39.35 (5.06),8.75 (1.18)
S2,correction + w 0.5,71.81 (1.08),76.23 (2.45),4.42 (1.37),82.80 (3.38),55.58 (0.71),89.69 (2.43),33.90 (5.40),6.79 (1.22)
