setting,model,beta,window,DriftGate,development w (S1 dev seeds),DriftGate minus development w (S1 dev seeds) pp,Round 11 development w = 0.20,DriftGate minus Round 11 development w = 0.20 pp,model-specific development w,DriftGate minus model-specific development w pp,initial fixed (label-free),DriftGate minus initial fixed (label-free) pp,corrected edge only (w = 0),DriftGate minus corrected edge only (w = 0) pp,fixed w = 0.50,DriftGate minus fixed w = 0.50 pp,DriftGate vs initial fixed: rescued / harmed pp,DriftGate vs development w: rescued / harmed pp,request-weighted DriftGate accuracy,request-weighted DriftGate minus initial fixed pp,DriftGate errors (requests),DriftGate minus initial fixed errors (requests)
S1,CNN,1.0,full,68.31 (2.45),68.21 (2.42),0.107 (0.049),68.16 (2.54),0.152 (0.152),68.21 (2.42),0.107 (0.049),68.12 (2.37),0.193 (0.120),67.87 (2.53),0.447 (0.190),68.13 (2.37),0.189 (0.106),0.624 (0.119) / 0.431 (0.056),0.309 (0.051) / 0.202 (0.036),64.58 (2.41),0.280 (0.141),1324393 (89476),-10493 (5352)
S1,CNN,1.0,round>30,67.10 (2.26),67.02 (2.23),0.084 (0.054),67.55 (2.43),-0.448 (0.205),67.02 (2.23),0.084 (0.054),66.81 (2.17),0.297 (0.151),67.66 (2.54),-0.552 (0.352),66.81 (2.18),0.288 (0.127),0.740 (0.144) / 0.443 (0.068),0.285 (0.056) / 0.201 (0.045),63.11 (2.25),0.373 (0.167),1133857 (67539),-11505 (5243)
S1,CNN,1.0,round>50,67.95 (2.14),67.86 (2.11),0.097 (0.058),68.45 (2.31),-0.499 (0.197),67.86 (2.11),0.097 (0.058),67.62 (2.05),0.332 (0.156),68.59 (2.42),-0.636 (0.335),67.63 (2.06),0.321 (0.130),0.781 (0.150) / 0.449 (0.077),0.315 (0.063) / 0.218 (0.053),63.94 (2.16),0.412 (0.172),915104 (52428),-10497 (4489)
S1,CNN,1.0,transition,66.02 (3.36),65.99 (3.35),0.036 (0.053),66.43 (3.61),-0.403 (0.401),65.99 (3.35),0.036 (0.053),65.80 (3.28),0.222 (0.212),66.49 (3.75),-0.466 (0.589),65.82 (3.30),0.207 (0.172),,,,,,
S1,CNN,1.0,non-transition,68.67 (2.47),68.56 (2.45),0.109 (0.048),68.51 (2.56),0.165 (0.144),68.56 (2.45),0.109 (0.048),68.48 (2.40),0.193 (0.116),68.20 (2.54),0.470 (0.181),68.48 (2.40),0.190 (0.103),,,,,,
S1,CNN,0.5,full,67.73 (2.28),67.66 (2.27),0.071 (0.026),67.68 (2.34),0.050 (0.089),67.66 (2.27),0.071 (0.026),67.60 (2.24),0.125 (0.072),67.55 (2.35),0.176 (0.120),67.60 (2.24),0.132 (0.067),0.386 (0.070) / 0.261 (0.029),0.187 (0.027) / 0.116 (0.016),63.74 (2.23),0.170 (0.082),1355774 (83654),-6370 (3099)
S1,CNN,0.5,round>30,66.20 (2.17),66.14 (2.15),0.062 (0.031),66.42 (2.28),-0.227 (0.129),66.14 (2.15),0.062 (0.031),66.02 (2.12),0.180 (0.088),66.46 (2.34),-0.260 (0.208),66.01 (2.12),0.190 (0.079),0.458 (0.086) / 0.278 (0.034),0.176 (0.028) / 0.115 (0.023),62.00 (2.12),0.219 (0.095),1168085 (64813),-6752 (2981)
S1,CNN,0.5,round>50,67.02 (2.07),66.95 (2.05),0.070 (0.035),67.27 (2.17),-0.251 (0.124),66.95 (2.05),0.070 (0.035),66.82 (2.02),0.199 (0.091),67.32 (2.23),-0.297 (0.204),66.81 (2.02),0.210 (0.081),0.488 (0.089) / 0.289 (0.042),0.198 (0.034) / 0.128 (0.028),62.80 (2.05),0.241 (0.097),944128 (50772),-6144 (2540)
S1,CNN,0.5,transition,65.13 (3.31),65.09 (3.31),0.042 (0.031),65.32 (3.43),-0.193 (0.212),65.09 (3.31),0.042 (0.031),64.98 (3.30),0.145 (0.105),65.34 (3.47),-0.213 (0.302),64.98 (3.30),0.151 (0.096),,,,,,
S1,CNN,0.5,non-transition,68.10 (2.32),68.03 (2.30),0.072 (0.026),68.04 (2.37),0.059 (0.086),68.03 (2.30),0.072 (0.026),67.98 (2.27),0.124 (0.071),67.91 (2.38),0.192 (0.115),67.97 (2.27),0.131 (0.066),,,,,,
S2,CNN,1.0,full,71.70 (0.97),71.68 (1.00),0.016 (0.032),71.03 (0.83),0.672 (0.225),71.68 (1.00),0.016 (0.032),71.82 (1.10),-0.119 (0.142),70.49 (0.82),1.212 (0.273),71.77 (1.09),-0.073 (0.131),0.624 (0.065) / 0.743 (0.080),0.397 (0.031) / 0.381 (0.063),68.60 (0.77),-0.067 (0.157),1051250 (26482),2225 (5247)
S2,CNN,1.0,round>30,71.96 (1.28),71.97 (1.31),-0.016 (0.028),71.70 (1.09),0.256 (0.194),71.97 (1.31),-0.016 (0.028),72.04 (1.42),-0.082 (0.142),71.42 (1.05),0.534 (0.258),71.97 (1.39),-0.015 (0.115),0.727 (0.098) / 0.810 (0.044),0.387 (0.024) / 0.402 (0.049),68.24 (1.01),-0.022 (0.161),856774 (27432),603 (4338)
S2,CNN,1.0,round>50,71.74 (1.39),71.74 (1.40),-0.003 (0.012),71.57 (1.24),0.173 (0.155),71.74 (1.40),-0.003 (0.012),71.79 (1.49),-0.046 (0.116),71.36 (1.20),0.385 (0.203),71.72 (1.47),0.020 (0.082),0.773 (0.109) / 0.819 (0.037),0.418 (0.013) / 0.421 (0.025),67.96 (1.08),0.012 (0.144),728997 (24489),-283 (3291)
S2,CNN,1.0,transition,63.77 (1.37),63.80 (1.32),-0.029 (0.051),62.96 (1.94),0.806 (0.570),63.80 (1.32),-0.029 (0.051),64.02 (1.06),-0.258 (0.319),62.45 (2.13),1.315 (0.756),63.91 (1.15),-0.141 (0.227),,,,,,
S2,CNN,1.0,non-transition,72.28 (1.14),72.26 (1.16),0.019 (0.030),71.63 (1.03),0.649 (0.233),72.26 (1.16),0.019 (0.030),72.39 (1.26),-0.107 (0.137),71.10 (1.04),1.179 (0.288),72.35 (1.24),-0.065 (0.129),,,,,,
S2,CNN,0.5,full,71.77 (1.48),71.73 (1.49),0.036 (0.013),71.45 (1.41),0.317 (0.106),71.73 (1.49),0.036 (0.013),71.78 (1.53),-0.013 (0.059),71.23 (1.42),0.537 (0.145),71.77 (1.53),0.006 (0.065),0.421 (0.012) / 0.434 (0.047),0.257 (0.033) / 0.221 (0.044),68.48 (1.33),0.013 (0.066),1055479 (45359),-423 (2197)
S2,CNN,0.5,round>30,71.72 (1.71),71.68 (1.72),0.031 (0.012),71.55 (1.62),0.164 (0.109),71.68 (1.72),0.031 (0.012),71.71 (1.77),0.008 (0.056),71.41 (1.59),0.306 (0.156),71.67 (1.76),0.043 (0.055),0.490 (0.029) / 0.482 (0.027),0.264 (0.042) / 0.233 (0.044),67.82 (1.50),0.037 (0.065),868002 (41106),-993 (1745)
S2,CNN,0.5,round>50,71.43 (1.77),71.39 (1.77),0.038 (0.008),71.32 (1.70),0.107 (0.078),71.39 (1.77),0.038 (0.008),71.40 (1.81),0.026 (0.044),71.22 (1.68),0.209 (0.119),71.36 (1.81),0.064 (0.039),0.519 (0.032) / 0.493 (0.016),0.286 (0.036) / 0.249 (0.035),67.48 (1.53),0.055 (0.054),740024 (35001),-1253 (1243)
S2,CNN,0.5,transition,63.54 (0.94),63.52 (0.95),0.019 (0.027),63.23 (1.21),0.313 (0.273),63.52 (0.95),0.019 (0.027),63.57 (0.84),-0.032 (0.108),63.02 (1.29),0.518 (0.348),63.54 (0.88),0.001 (0.078),,,,,,
S2,CNN,0.5,non-transition,72.36 (1.63),72.32 (1.64),0.037 (0.012),72.05 (1.58),0.308 (0.120),72.32 (1.64),0.037 (0.012),72.37 (1.68),-0.011 (0.059),71.83 (1.59),0.526 (0.167),72.35 (1.68),0.008 (0.065),,,,,,
S1-fast,CNN,1.0,full,68.96 (0.76),68.86 (0.70),0.104 (0.060),68.93 (0.79),0.033 (0.072),68.86 (0.70),0.104 (0.060),68.73 (0.65),0.234 (0.110),68.66 (0.80),0.308 (0.116),68.74 (0.67),0.228 (0.093),0.663 (0.137) / 0.429 (0.060),0.308 (0.064) / 0.204 (0.024),65.20 (0.78),0.330 (0.130),1306962 (24492),-12419 (4941)
S1-fast,CNN,1.0,round>30,67.69 (0.61),67.60 (0.56),0.091 (0.050),68.22 (0.76),-0.531 (0.168),67.60 (0.56),0.091 (0.050),67.34 (0.48),0.346 (0.133),68.36 (0.89),-0.672 (0.320),67.35 (0.51),0.334 (0.099),0.784 (0.169) / 0.438 (0.059),0.293 (0.068) / 0.202 (0.031),63.72 (0.65),0.431 (0.149),1118752 (12435),-13314 (4682)
S1-fast,CNN,1.0,round>50,68.67 (0.54),68.56 (0.49),0.104 (0.050),69.25 (0.64),-0.587 (0.113),68.56 (0.49),0.104 (0.050),68.29 (0.41),0.379 (0.129),69.44 (0.73),-0.771 (0.228),68.30 (0.45),0.366 (0.092),0.822 (0.179) / 0.443 (0.063),0.322 (0.076) / 0.218 (0.034),64.67 (0.59),0.470 (0.149),897759 (8523),-11972 (3864)
S1-fast,CNN,1.0,transition,66.21 (1.71),66.17 (1.68),0.043 (0.030),66.76 (1.74),-0.546 (0.040),66.17 (1.68),0.043 (0.030),65.92 (1.65),0.296 (0.061),66.86 (1.77),-0.645 (0.075),65.93 (1.68),0.281 (0.032),,,,,,
S1-fast,CNN,1.0,non-transition,69.28 (0.78),69.18 (0.72),0.107 (0.059),69.23 (0.82),0.050 (0.080),69.18 (0.72),0.107 (0.059),69.05 (0.67),0.234 (0.109),68.95 (0.83),0.335 (0.129),69.06 (0.69),0.228 (0.091),,,,,,
S1-fast,CNN,0.5,full,68.31 (0.56),68.24 (0.53),0.072 (0.027),68.34 (0.58),-0.028 (0.024),68.24 (0.53),0.072 (0.027),68.15 (0.50),0.156 (0.060),68.23 (0.59),0.079 (0.034),68.15 (0.51),0.165 (0.047),0.411 (0.080) / 0.255 (0.036),0.187 (0.035) / 0.115 (0.014),64.28 (0.56),0.204 (0.072),1341641 (17896),-7686 (2756)
S1-fast,CNN,0.5,round>30,66.74 (0.36),66.67 (0.34),0.068 (0.023),67.03 (0.45),-0.294 (0.086),66.67 (0.34),0.068 (0.023),66.52 (0.29),0.213 (0.074),67.09 (0.52),-0.356 (0.155),66.51 (0.31),0.224 (0.053),0.486 (0.101) / 0.272 (0.035),0.181 (0.036) / 0.112 (0.020),62.54 (0.38),0.255 (0.084),1155167 (4346),-7880 (2653)
S1-fast,CNN,0.5,round>50,67.70 (0.33),67.62 (0.31),0.077 (0.022),68.02 (0.38),-0.322 (0.055),67.62 (0.31),0.077 (0.022),67.47 (0.27),0.233 (0.068),68.10 (0.44),-0.404 (0.110),67.45 (0.29),0.246 (0.045),0.516 (0.105) / 0.282 (0.041),0.203 (0.040) / 0.125 (0.024),63.47 (0.37),0.278 (0.080),928251 (4169),-7082 (2093)
S1-fast,CNN,0.5,transition,65.14 (1.78),65.11 (1.76),0.032 (0.027),65.44 (1.79),-0.294 (0.066),65.11 (1.76),0.032 (0.027),64.97 (1.74),0.174 (0.044),65.48 (1.83),-0.336 (0.103),64.96 (1.76),0.179 (0.031),,,,,,
S1-fast,CNN,0.5,non-transition,68.64 (0.58),68.57 (0.56),0.074 (0.026),68.66 (0.60),-0.017 (0.026),68.57 (0.56),0.074 (0.026),68.48 (0.53),0.157 (0.059),68.55 (0.61),0.095 (0.038),68.48 (0.54),0.166 (0.045),,,,,,
partial participation,CNN,1.0,full,64.82 (0.40),64.80 (0.36),0.023 (0.047),64.22 (0.49),0.598 (0.127),64.80 (0.36),0.023 (0.047),64.84 (0.33),-0.017 (0.068),63.64 (0.56),1.175 (0.212),64.85 (0.31),-0.026 (0.084),0.414 (0.041) / 0.432 (0.054),0.236 (0.043) / 0.213 (0.051),60.98 (0.35),0.047 (0.067),1466846 (10990),-1764 (2525)
partial participation,CNN,1.0,round>30,63.91 (0.36),63.91 (0.32),-0.005 (0.038),63.89 (0.61),0.018 (0.256),63.91 (0.32),-0.005 (0.038),63.85 (0.27),0.061 (0.093),63.68 (0.78),0.228 (0.434),63.85 (0.26),0.060 (0.103),0.491 (0.056) / 0.431 (0.061),0.185 (0.026) / 0.189 (0.044),59.73 (0.30),0.117 (0.084),1246686 (1839),-3622 (2633)
partial participation,CNN,1.0,round>50,64.99 (0.44),64.99 (0.40),0.005 (0.040),65.08 (0.67),-0.085 (0.233),64.99 (0.40),0.005 (0.040),64.90 (0.35),0.095 (0.090),64.94 (0.84),0.057 (0.407),64.90 (0.34),0.097 (0.098),0.527 (0.065) / 0.432 (0.062),0.202 (0.030) / 0.197 (0.048),60.81 (0.40),0.153 (0.085),1001807 (6000),-3930 (2185)
partial participation,CNN,1.0,transition,62.27 (0.58),62.33 (0.60),-0.064 (0.051),62.22 (0.59),0.046 (0.173),62.33 (0.60),-0.064 (0.051),62.28 (0.62),-0.016 (0.085),62.01 (0.65),0.256 (0.300),62.30 (0.65),-0.029 (0.108),,,,,,
partial participation,CNN,1.0,non-transition,65.21 (0.37),65.19 (0.33),0.026 (0.046),64.60 (0.46),0.617 (0.137),65.19 (0.33),0.026 (0.046),65.23 (0.30),-0.018 (0.068),64.01 (0.53),1.207 (0.225),65.24 (0.29),-0.027 (0.085),,,,,,
partial participation,CNN,0.5,full,64.35 (0.27),64.31 (0.25),0.033 (0.017),64.06 (0.33),0.287 (0.079),64.31 (0.25),0.033 (0.017),64.32 (0.25),0.026 (0.021),63.81 (0.39),0.535 (0.129),64.33 (0.23),0.019 (0.034),0.257 (0.021) / 0.231 (0.023),0.139 (0.018) / 0.106 (0.022),60.36 (0.24),0.057 (0.021),1490248 (11932),-2155 (798)
partial participation,CNN,0.5,round>30,63.43 (0.15),63.41 (0.14),0.019 (0.007),63.43 (0.29),0.004 (0.144),63.41 (0.14),0.019 (0.007),63.36 (0.12),0.067 (0.033),63.32 (0.38),0.107 (0.241),63.36 (0.11),0.069 (0.042),0.301 (0.030) / 0.235 (0.025),0.108 (0.010) / 0.089 (0.016),59.07 (0.10),0.093 (0.030),1267144 (9368),-2891 (954)
partial participation,CNN,0.5,round>50,64.43 (0.26),64.41 (0.25),0.023 (0.011),64.48 (0.40),-0.046 (0.136),64.41 (0.25),0.023 (0.011),64.35 (0.23),0.083 (0.036),64.40 (0.49),0.029 (0.235),64.34 (0.22),0.087 (0.044),0.327 (0.035) / 0.244 (0.030),0.117 (0.011) / 0.094 (0.020),60.05 (0.23),0.110 (0.034),1021163 (8955),-2818 (898)
partial participation,CNN,0.5,transition,61.88 (0.44),61.87 (0.46),0.008 (0.024),61.98 (0.40),-0.099 (0.126),61.87 (0.46),0.008 (0.024),61.80 (0.48),0.075 (0.057),61.91 (0.41),-0.031 (0.205),61.80 (0.49),0.079 (0.060),,,,,,
partial participation,CNN,0.5,non-transition,64.74 (0.24),64.71 (0.22),0.035 (0.017),64.44 (0.30),0.302 (0.082),64.71 (0.22),0.035 (0.017),64.72 (0.22),0.024 (0.020),64.19 (0.35),0.557 (0.131),64.73 (0.20),0.017 (0.033),,,,,,
stepwise change,CNN,1.0,full,72.36 (2.20),72.22 (2.18),0.137 (0.032),71.78 (2.41),0.577 (0.264),72.22 (2.18),0.137 (0.032),72.21 (2.09),0.144 (0.119),71.24 (2.38),1.118 (0.299),72.21 (2.11),0.142 (0.093),0.594 (0.089) / 0.450 (0.118),0.355 (0.056) / 0.218 (0.049),68.93 (2.17),0.245 (0.133),552600 (38593),-4362 (2362)
stepwise change,CNN,1.0,round>30,69.07 (2.04),69.01 (1.99),0.066 (0.045),69.47 (2.20),-0.404 (0.231),69.01 (1.99),0.066 (0.045),68.79 (1.90),0.286 (0.149),69.55 (2.29),-0.479 (0.360),68.81 (1.93),0.257 (0.115),0.743 (0.113) / 0.458 (0.134),0.265 (0.045) / 0.199 (0.059),66.02 (2.08),0.361 (0.157),495676 (30259),-5266 (2286)
stepwise change,CNN,1.0,round>50,70.10 (2.05),70.02 (2.00),0.075 (0.051),70.52 (2.22),-0.421 (0.230),70.02 (2.00),0.075 (0.051),69.80 (1.91),0.304 (0.160),70.61 (2.33),-0.515 (0.370),69.82 (1.94),0.274 (0.125),0.769 (0.117) / 0.465 (0.141),0.288 (0.048) / 0.212 (0.066),66.43 (2.10),0.394 (0.169),408001 (25490),-4791 (2060)
stepwise change,CNN,1.0,transition,nan (nan),nan (nan),nan (nan),nan (nan),nan (nan),nan (nan),nan (nan),nan (nan),nan (nan),nan (nan),nan (nan),nan (nan),nan (nan),,,,,,
stepwise change,CNN,1.0,non-transition,72.36 (2.20),72.22 (2.18),0.137 (0.032),71.78 (2.41),0.577 (0.264),72.22 (2.18),0.137 (0.032),72.21 (2.09),0.144 (0.119),71.24 (2.38),1.118 (0.299),72.21 (2.11),0.142 (0.093),,,,,,
stepwise change,CNN,0.5,full,71.99 (1.97),71.90 (1.97),0.090 (0.018),71.76 (2.09),0.230 (0.164),71.90 (1.97),0.090 (0.018),71.89 (1.92),0.107 (0.074),71.57 (2.10),0.429 (0.209),71.88 (1.93),0.109 (0.062),0.381 (0.047) / 0.273 (0.065),0.218 (0.022) / 0.128 (0.016),68.34 (1.92),0.162 (0.081),563159 (34011),-2884 (1436)
stepwise change,CNN,0.5,round>30,68.32 (1.78),68.27 (1.77),0.050 (0.023),68.55 (1.91),-0.229 (0.189),68.27 (1.77),0.050 (0.023),68.14 (1.72),0.180 (0.092),68.58 (1.97),-0.258 (0.285),68.14 (1.73),0.177 (0.076),0.475 (0.059) / 0.295 (0.075),0.164 (0.014) / 0.114 (0.023),65.12 (1.79),0.222 (0.094),508798 (26033),-3241 (1376)
stepwise change,CNN,0.5,round>50,69.33 (1.78),69.28 (1.77),0.055 (0.027),69.56 (1.91),-0.227 (0.187),69.28 (1.77),0.055 (0.027),69.15 (1.71),0.189 (0.097),69.59 (1.98),-0.256 (0.293),69.15 (1.73),0.186 (0.081),0.495 (0.062) / 0.306 (0.078),0.180 (0.017) / 0.125 (0.028),65.49 (1.79),0.240 (0.100),419475 (21746),-2915 (1218)
stepwise change,CNN,0.5,transition,nan (nan),nan (nan),nan (nan),nan (nan),nan (nan),nan (nan),nan (nan),nan (nan),nan (nan),nan (nan),nan (nan),nan (nan),nan (nan),,,,,,
stepwise change,CNN,0.5,non-transition,71.99 (1.97),71.90 (1.97),0.090 (0.018),71.76 (2.09),0.230 (0.164),71.90 (1.97),0.090 (0.018),71.89 (1.92),0.107 (0.074),71.57 (2.10),0.429 (0.209),71.88 (1.93),0.109 (0.062),,,,,,
random mobility,CNN,1.0,full,71.09 (0.86),70.98 (0.82),0.119 (0.050),70.51 (0.80),0.582 (0.060),70.98 (0.82),0.119 (0.050),70.95 (0.82),0.141 (0.066),69.89 (0.81),1.207 (0.181),70.96 (0.82),0.138 (0.056),0.448 (0.122) / 0.307 (0.057),0.281 (0.038) / 0.162 (0.013),65.50 (1.00),0.272 (0.102),530316 (14440),-4181 (1565)
random mobility,CNN,1.0,round>30,65.40 (0.89),65.37 (0.84),0.031 (0.059),65.93 (0.82),-0.530 (0.071),65.37 (0.84),0.031 (0.059),65.12 (0.82),0.283 (0.102),66.05 (0.80),-0.648 (0.128),65.15 (0.84),0.253 (0.085),0.604 (0.168) / 0.320 (0.068),0.142 (0.049) / 0.110 (0.014),60.66 (1.07),0.390 (0.132),478824 (12121),-4752 (1611)
random mobility,CNN,1.0,round>50,58.81 (1.04),58.77 (0.98),0.044 (0.064),59.83 (1.07),-1.015 (0.076),58.77 (0.98),0.044 (0.064),58.37 (0.91),0.437 (0.148),60.25 (1.08),-1.440 (0.075),58.43 (0.94),0.385 (0.120),0.719 (0.201) / 0.283 (0.054),0.147 (0.061) / 0.103 (0.004),56.45 (1.20),0.488 (0.161),460345 (11762),-5160 (1711)
random mobility,CNN,1.0,transition,71.21 (1.52),71.17 (1.45),0.044 (0.066),71.28 (1.41),-0.068 (0.218),71.17 (1.45),0.044 (0.066),71.03 (1.42),0.178 (0.119),71.14 (1.30),0.068 (0.268),71.04 (1.44),0.170 (0.095),,,,,,
random mobility,CNN,1.0,non-transition,69.77 (0.72),69.66 (0.70),0.113 (0.047),69.31 (0.70),0.466 (0.025),69.66 (0.70),0.113 (0.047),69.61 (0.69),0.160 (0.066),68.73 (0.74),1.039 (0.162),69.62 (0.69),0.152 (0.057),,,,,,
random mobility,CNN,0.5,full,70.68 (0.71),70.59 (0.69),0.091 (0.025),70.45 (0.65),0.233 (0.090),70.59 (0.69),0.091 (0.025),70.57 (0.69),0.116 (0.023),70.23 (0.65),0.456 (0.149),70.56 (0.69),0.119 (0.019),0.279 (0.056) / 0.163 (0.036),0.189 (0.019) / 0.098 (0.006),64.73 (0.75),0.185 (0.040),542043 (10470),-2850 (615)
random mobility,CNN,0.5,round>30,64.53 (0.70),64.48 (0.67),0.046 (0.033),64.81 (0.62),-0.285 (0.097),64.48 (0.67),0.046 (0.033),64.34 (0.67),0.192 (0.039),64.85 (0.62),-0.325 (0.136),64.34 (0.68),0.189 (0.027),0.376 (0.079) / 0.185 (0.040),0.097 (0.023) / 0.050 (0.010),59.53 (0.77),0.248 (0.054),492549 (8130),-3022 (659)
random mobility,CNN,0.5,round>50,57.56 (0.71),57.52 (0.68),0.042 (0.031),58.16 (0.69),-0.597 (0.019),57.52 (0.68),0.042 (0.031),57.29 (0.65),0.271 (0.064),58.38 (0.71),-0.817 (0.021),57.30 (0.67),0.261 (0.045),0.443 (0.094) / 0.172 (0.030),0.089 (0.028) / 0.046 (0.004),55.08 (0.81),0.299 (0.069),474817 (7211),-3157 (737)
random mobility,CNN,0.5,transition,70.57 (1.24),70.52 (1.21),0.051 (0.028),70.61 (1.14),-0.034 (0.102),70.52 (1.21),0.051 (0.028),70.44 (1.19),0.134 (0.042),70.52 (1.12),0.048 (0.121),70.43 (1.21),0.137 (0.028),,,,,,
random mobility,CNN,0.5,non-transition,69.33 (0.60),69.24 (0.58),0.087 (0.025),69.17 (0.56),0.159 (0.075),69.24 (0.58),0.087 (0.025),69.20 (0.58),0.130 (0.023),68.98 (0.59),0.356 (0.135),69.20 (0.58),0.131 (0.018),,,,,,
K=200,CNN,1.0,full,69.00 (1.43),68.80 (1.37),0.194 (0.057),69.23 (1.47),-0.231 (0.042),68.80 (1.37),0.194 (0.057),68.56 (1.34),0.435 (0.094),69.15 (1.49),-0.156 (0.061),68.58 (1.34),0.414 (0.092),0.835 (0.105) / 0.400 (0.024),0.414 (0.073) / 0.221 (0.018),65.72 (1.66),0.562 (0.113),5207357 (300557),-85286 (16454)
K=200,CNN,1.0,round>30,67.98 (1.80),67.76 (1.73),0.213 (0.069),68.73 (1.86),-0.753 (0.062),67.76 (1.73),0.213 (0.069),67.40 (1.69),0.577 (0.111),69.04 (1.90),-1.064 (0.110),67.43 (1.69),0.550 (0.111),1.007 (0.137) / 0.430 (0.030),0.428 (0.094) / 0.215 (0.026),64.52 (1.94),0.688 (0.131),4443292 (291899),-86012 (15569)
K=200,CNN,1.0,round>50,68.95 (1.81),68.70 (1.74),0.245 (0.075),69.68 (1.87),-0.734 (0.064),68.70 (1.74),0.245 (0.075),68.33 (1.70),0.616 (0.118),70.00 (1.92),-1.054 (0.117),68.36 (1.70),0.589 (0.118),1.068 (0.144) / 0.452 (0.032),0.482 (0.104) / 0.237 (0.031),65.47 (1.97),0.735 (0.138),3569643 (245156),-75891 (13484)
K=200,CNN,1.0,transition,66.30 (1.52),66.12 (1.48),0.175 (0.099),67.09 (1.45),-0.788 (0.185),66.12 (1.48),0.175 (0.099),65.75 (1.50),0.544 (0.139),67.39 (1.44),-1.091 (0.318),65.79 (1.49),0.504 (0.142),,,,,,
K=200,CNN,1.0,non-transition,69.41 (1.45),69.22 (1.40),0.194 (0.057),69.61 (1.49),-0.197 (0.043),69.22 (1.40),0.194 (0.057),68.99 (1.36),0.426 (0.093),69.51 (1.51),-0.100 (0.071),69.01 (1.36),0.406 (0.091),,,,,,
K=200,CNN,0.5,full,67.95 (1.30),67.84 (1.27),0.113 (0.030),68.14 (1.32),-0.190 (0.018),67.84 (1.27),0.113 (0.030),67.70 (1.25),0.252 (0.050),68.16 (1.33),-0.205 (0.030),67.70 (1.25),0.258 (0.053),0.501 (0.050) / 0.249 (0.012),0.246 (0.038) / 0.133 (0.010),64.36 (1.47),0.316 (0.058),5413550 (273893),-47957 (8356)
K=200,CNN,0.5,round>30,66.60 (1.65),66.47 (1.61),0.127 (0.038),67.02 (1.68),-0.422 (0.030),66.47 (1.61),0.127 (0.038),66.27 (1.59),0.327 (0.058),67.18 (1.70),-0.577 (0.052),66.27 (1.59),0.336 (0.063),0.603 (0.067) / 0.276 (0.015),0.254 (0.049) / 0.127 (0.015),62.87 (1.72),0.382 (0.066),4649459 (265862),-47777 (7803)
K=200,CNN,0.5,round>50,67.56 (1.65),67.41 (1.61),0.146 (0.041),67.97 (1.68),-0.406 (0.030),67.41 (1.61),0.146 (0.041),67.21 (1.59),0.348 (0.061),68.12 (1.71),-0.562 (0.052),67.20 (1.59),0.357 (0.066),0.644 (0.070) / 0.295 (0.017),0.289 (0.056) / 0.143 (0.019),63.81 (1.74),0.408 (0.068),3741565 (223033),-42103 (6629)
K=200,CNN,0.5,transition,64.83 (1.37),64.72 (1.36),0.109 (0.059),65.28 (1.35),-0.449 (0.105),64.72 (1.36),0.109 (0.059),64.52 (1.38),0.312 (0.095),65.43 (1.36),-0.603 (0.181),64.52 (1.39),0.312 (0.096),,,,,,
K=200,CNN,0.5,non-transition,68.40 (1.33),68.29 (1.30),0.114 (0.030),68.57 (1.35),-0.169 (0.019),68.29 (1.30),0.114 (0.030),68.15 (1.28),0.248 (0.048),68.57 (1.35),-0.171 (0.034),68.15 (1.28),0.253 (0.051),,,,,,
K=500,CNN,1.0,full,70.11 (0.22),69.90 (0.19),0.215 (0.031),70.53 (0.18),-0.415 (0.099),69.90 (0.19),0.215 (0.031),69.58 (0.21),0.531 (0.007),70.53 (0.16),-0.422 (0.121),69.62 (0.19),0.491 (0.021),0.901 (0.013) / 0.370 (0.010),0.429 (0.036) / 0.214 (0.007),66.79 (0.30),0.667 (0.013),12596331 (169674),-252956 (4148)
K=500,CNN,1.0,round>30,69.28 (0.33),69.03 (0.31),0.250 (0.035),70.19 (0.35),-0.916 (0.094),69.03 (0.31),0.250 (0.035),68.58 (0.32),0.692 (0.010),70.59 (0.37),-1.313 (0.124),68.63 (0.30),0.645 (0.031),1.088 (0.018) / 0.396 (0.010),0.454 (0.043) / 0.204 (0.009),65.71 (0.39),0.809 (0.018),10711811 (184331),-252611 (4516)
K=500,CNN,1.0,round>50,70.29 (0.26),70.01 (0.25),0.287 (0.035),71.18 (0.30),-0.889 (0.090),70.01 (0.25),0.287 (0.035),69.56 (0.25),0.734 (0.013),71.58 (0.32),-1.290 (0.120),69.61 (0.24),0.687 (0.033),1.154 (0.018) / 0.420 (0.010),0.513 (0.045) / 0.226 (0.010),66.73 (0.32),0.862 (0.020),8575698 (131853),-222257 (4336)
K=500,CNN,1.0,transition,66.69 (0.86),66.49 (0.86),0.206 (0.014),67.66 (0.71),-0.971 (0.191),66.49 (0.86),0.206 (0.014),66.05 (0.89),0.641 (0.032),68.07 (0.67),-1.378 (0.267),66.09 (0.90),0.598 (0.044),,,,,,
K=500,CNN,1.0,non-transition,70.56 (0.23),70.34 (0.21),0.216 (0.032),70.95 (0.20),-0.386 (0.097),70.34 (0.21),0.216 (0.032),70.03 (0.23),0.526 (0.006),70.94 (0.18),-0.376 (0.118),70.07 (0.21),0.486 (0.021),,,,,,
K=500,CNN,0.5,full,69.01 (0.22),68.89 (0.21),0.121 (0.013),69.31 (0.23),-0.303 (0.073),68.89 (0.21),0.121 (0.013),68.70 (0.21),0.309 (0.017),69.37 (0.24),-0.362 (0.092),68.70 (0.20),0.305 (0.018),0.546 (0.012) / 0.238 (0.005),0.256 (0.017) / 0.135 (0.005),65.37 (0.30),0.377 (0.019),13133145 (181635),-143124 (6623)
K=500,CNN,0.5,round>30,67.84 (0.36),67.69 (0.35),0.146 (0.014),68.36 (0.39),-0.518 (0.059),67.69 (0.35),0.146 (0.014),67.45 (0.35),0.394 (0.018),68.56 (0.40),-0.717 (0.075),67.45 (0.34),0.393 (0.021),0.657 (0.014) / 0.264 (0.004),0.272 (0.019) / 0.126 (0.005),64.01 (0.40),0.452 (0.021),11245587 (199512),-141119 (5861)
K=500,CNN,0.5,round>50,68.85 (0.32),68.68 (0.31),0.168 (0.014),69.34 (0.36),-0.494 (0.055),68.68 (0.31),0.168 (0.014),68.43 (0.30),0.417 (0.018),69.54 (0.37),-0.690 (0.069),68.43 (0.30),0.416 (0.023),0.700 (0.015) / 0.283 (0.003),0.309 (0.020) / 0.142 (0.006),65.00 (0.36),0.481 (0.023),9021582 (151309),-123870 (5177)
K=500,CNN,0.5,transition,65.24 (0.82),65.12 (0.83),0.122 (0.014),65.81 (0.74),-0.565 (0.133),65.12 (0.83),0.122 (0.014),64.87 (0.85),0.376 (0.038),66.02 (0.71),-0.777 (0.189),64.87 (0.86),0.373 (0.048),,,,,,
K=500,CNN,0.5,non-transition,69.48 (0.24),69.36 (0.24),0.122 (0.013),69.76 (0.26),-0.286 (0.072),69.36 (0.24),0.122 (0.013),69.17 (0.24),0.306 (0.016),69.81 (0.27),-0.336 (0.090),69.18 (0.23),0.302 (0.017),,,,,,
CIFAR-100,CNN (100 classes),1.0,full,41.29 (0.62),41.36 (0.61),-0.075 (0.017),40.95 (0.64),0.339 (0.019),no development data,,41.45 (0.60),-0.158 (0.025),40.69 (0.66),0.594 (0.033),41.45 (0.60),-0.164 (0.026),0.447 (0.016) / 0.604 (0.018),0.298 (0.013) / 0.372 (0.011),40.22 (0.65),-0.109 (0.026),2220403 (13740),4063 (956)
CIFAR-100,CNN (100 classes),1.0,round>30,45.24 (0.75),45.36 (0.73),-0.122 (0.024),45.05 (0.77),0.189 (0.016),no development data,,45.42 (0.72),-0.173 (0.030),44.84 (0.78),0.406 (0.031),45.42 (0.72),-0.176 (0.031),0.536 (0.016) / 0.710 (0.019),0.328 (0.014) / 0.450 (0.016),42.93 (0.76),-0.111 (0.030),1746477 (19428),3399 (922)
CIFAR-100,CNN (100 classes),1.0,round>50,46.92 (0.82),47.06 (0.79),-0.139 (0.029),46.72 (0.84),0.195 (0.018),no development data,,47.11 (0.78),-0.191 (0.036),46.49 (0.85),0.432 (0.037),47.11 (0.78),-0.194 (0.037),0.585 (0.018) / 0.776 (0.022),0.366 (0.017) / 0.505 (0.019),44.60 (0.82),-0.122 (0.035),1399806 (16649),3086 (886)
CIFAR-100,CNN (100 classes),1.0,transition,44.22 (1.27),44.36 (1.27),-0.144 (0.015),44.02 (1.28),0.197 (0.049),no development data,,44.40 (1.30),-0.188 (0.024),43.79 (1.30),0.429 (0.065),44.40 (1.29),-0.187 (0.020),,,,,,
CIFAR-100,CNN (100 classes),1.0,non-transition,41.46 (0.63),41.53 (0.62),-0.074 (0.018),41.12 (0.65),0.342 (0.018),no development data,,41.62 (0.61),-0.158 (0.025),40.86 (0.67),0.600 (0.031),41.62 (0.61),-0.165 (0.026),,,,,,
CIFAR-100,CNN (100 classes),0.5,full,38.63 (0.61),38.68 (0.61),-0.043 (0.003),38.52 (0.61),0.110 (0.006),no development data,,38.71 (0.61),-0.080 (0.001),38.44 (0.60),0.188 (0.010),38.72 (0.61),-0.083 (0.002),0.147 (0.004) / 0.227 (0.004),0.090 (0.004) / 0.133 (0.002),37.23 (0.66),-0.065 (0.001),2331457 (10385),2402 (55)
CIFAR-100,CNN (100 classes),0.5,round>30,42.07 (0.77),42.13 (0.77),-0.062 (0.003),41.98 (0.77),0.093 (0.003),no development data,,42.17 (0.77),-0.098 (0.001),41.89 (0.77),0.175 (0.006),42.17 (0.77),-0.100 (0.002),0.178 (0.004) / 0.276 (0.003),0.102 (0.003) / 0.164 (0.002),39.50 (0.79),-0.074 (0.002),1851161 (18414),2262 (51)
CIFAR-100,CNN (100 classes),0.5,round>50,43.79 (0.83),43.86 (0.83),-0.073 (0.004),43.69 (0.83),0.098 (0.005),no development data,,43.90 (0.83),-0.113 (0.002),43.60 (0.83),0.189 (0.007),43.90 (0.83),-0.116 (0.003),0.196 (0.004) / 0.309 (0.003),0.115 (0.004) / 0.188 (0.003),41.19 (0.84),-0.086 (0.003),1485958 (16101),2180 (69)
CIFAR-100,CNN (100 classes),0.5,transition,41.23 (1.29),41.29 (1.29),-0.068 (0.006),41.13 (1.29),0.095 (0.014),no development data,,41.32 (1.29),-0.096 (0.008),41.05 (1.31),0.177 (0.025),41.32 (1.29),-0.097 (0.005),,,,,,
CIFAR-100,CNN (100 classes),0.5,non-transition,38.80 (0.62),38.84 (0.62),-0.043 (0.004),38.69 (0.61),0.111 (0.008),no development data,,38.88 (0.62),-0.081 (0.002),38.61 (0.61),0.189 (0.012),38.88 (0.62),-0.084 (0.002),,,,,,
ResNet-18,ResNet-18,1.0,full,66.64 (3.14),66.49 (3.22),0.147 (0.089),64.02 (2.67),2.615 (0.922),no development data,,66.78 (3.15),-0.143 (0.006),61.72 (2.53),4.915 (1.688),66.71 (3.19),-0.067 (0.093),0.143 (0.046) / 0.286 (0.042),1.107 (0.114) / 0.960 (0.176),62.57 (2.88),-0.138 (0.022),213073 (16346),784 (127)
ResNet-18,ResNet-18,1.0,round>30,62.73 (2.48),63.00 (2.40),-0.278 (0.149),61.54 (1.50),1.191 (1.093),no development data,,62.85 (2.49),-0.127 (0.015),59.81 (1.50),2.912 (1.822),63.00 (2.44),-0.277 (0.097),0.152 (0.053) / 0.279 (0.053),0.786 (0.139) / 1.063 (0.211),59.10 (2.37),-0.127 (0.030),190934 (11063),591 (138)
ResNet-18,ResNet-18,1.0,round>50,63.59 (2.50),63.94 (2.36),-0.347 (0.248),62.64 (1.28),0.959 (1.235),no development data,,63.73 (2.50),-0.135 (0.033),61.00 (1.12),2.598 (1.877),63.92 (2.43),-0.321 (0.153),0.152 (0.054) / 0.287 (0.079),0.739 (0.149) / 1.086 (0.265),59.24 (2.36),-0.134 (0.037),158557 (9167),522 (145)
ResNet-18,ResNet-18,1.0,transition,nan (nan),nan (nan),nan (nan),nan (nan),nan (nan),no development data,,nan (nan),nan (nan),nan (nan),nan (nan),nan (nan),nan (nan),,,,,,
ResNet-18,ResNet-18,1.0,non-transition,66.64 (3.14),66.49 (3.22),0.147 (0.089),64.02 (2.67),2.615 (0.922),no development data,,66.78 (3.15),-0.143 (0.006),61.72 (2.53),4.915 (1.688),66.71 (3.19),-0.067 (0.093),,,,,,
ResNet-18,ResNet-18,0.5,full,66.74 (3.12),66.62 (3.17),0.118 (0.050),65.07 (2.70),1.670 (0.572),no development data,,66.78 (3.15),-0.036 (0.054),63.85 (2.51),2.889 (0.966),66.77 (3.16),-0.033 (0.043),0.180 (0.098) / 0.216 (0.044),0.704 (0.075) / 0.586 (0.113),62.67 (2.86),-0.025 (0.054),212490 (16249),142 (308)
ResNet-18,ResNet-18,0.5,round>30,62.85 (2.43),62.98 (2.36),-0.126 (0.092),62.15 (1.66),0.698 (0.795),no development data,,62.84 (2.48),0.012 (0.056),61.29 (1.43),1.558 (1.166),62.97 (2.41),-0.115 (0.027),0.195 (0.097) / 0.183 (0.042),0.503 (0.126) / 0.629 (0.119),59.22 (2.34),0.009 (0.056),190380 (10916),-42 (260)
ResNet-18,ResNet-18,0.5,round>50,63.74 (2.43),63.89 (2.33),-0.148 (0.146),63.16 (1.51),0.583 (0.919),no development data,,63.71 (2.47),0.026 (0.051),62.34 (1.23),1.402 (1.252),63.86 (2.40),-0.121 (0.048),0.196 (0.086) / 0.170 (0.035),0.489 (0.136) / 0.637 (0.152),59.38 (2.32),0.022 (0.051),158028 (8999),-86 (200)
ResNet-18,ResNet-18,0.5,transition,nan (nan),nan (nan),nan (nan),nan (nan),nan (nan),no development data,,nan (nan),nan (nan),nan (nan),nan (nan),nan (nan),nan (nan),,,,,,
ResNet-18,ResNet-18,0.5,non-transition,66.74 (3.12),66.62 (3.17),0.118 (0.050),65.07 (2.70),1.670 (0.572),no development data,,66.78 (3.15),-0.036 (0.054),63.85 (2.51),2.889 (0.966),66.77 (3.16),-0.033 (0.043),,,,,,
ResNet-20 shallow,ResNet-20 shallow,1.0,full,58.88 (0.83),58.38 (0.97),0.501 (0.368),55.36 (2.45),3.525 (2.249),no development data,,58.81 (0.86),0.071 (0.059),51.78 (3.96),7.106 (3.835),58.72 (0.87),0.160 (0.118),0.261 (0.092) / 0.190 (0.034),0.998 (0.353) / 0.498 (0.063),54.40 (0.80),0.062 (0.055),1714196 (26831),-2313 (2040)
ResNet-20 shallow,ResNet-20 shallow,1.0,round>30,57.40 (0.43),56.92 (0.28),0.473 (0.380),53.94 (2.06),3.455 (2.411),no development data,,57.31 (0.40),0.088 (0.079),50.26 (3.87),7.135 (4.211),57.23 (0.36),0.171 (0.142),0.292 (0.102) / 0.204 (0.024),0.967 (0.368) / 0.494 (0.053),52.60 (0.47),0.073 (0.072),1467399 (17724),-2242 (2197)
ResNet-20 shallow,ResNet-20 shallow,1.0,round>50,58.28 (0.40),57.80 (0.14),0.476 (0.392),54.78 (2.13),3.493 (2.519),no development data,,58.17 (0.35),0.101 (0.098),51.02 (3.97),7.255 (4.355),58.10 (0.29),0.177 (0.152),0.311 (0.106) / 0.209 (0.010),0.987 (0.381) / 0.511 (0.052),53.42 (0.43),0.084 (0.091),1190797 (16853),-2123 (2314)
ResNet-20 shallow,ResNet-20 shallow,1.0,transition,55.83 (1.40),55.46 (1.61),0.376 (0.216),52.99 (2.76),2.842 (1.364),no development data,,55.78 (1.42),0.058 (0.081),49.43 (4.06),6.400 (2.688),55.70 (1.46),0.136 (0.076),,,,,,
ResNet-20 shallow,ResNet-20 shallow,1.0,non-transition,59.28 (0.76),58.78 (0.89),0.504 (0.374),55.73 (2.42),3.550 (2.290),no development data,,59.21 (0.78),0.072 (0.062),52.14 (3.97),7.148 (3.894),59.12 (0.79),0.161 (0.122),,,,,,
ResNet-20 shallow,ResNet-20 shallow,0.5,full,58.89 (0.70),58.60 (0.73),0.291 (0.214),56.89 (1.41),2.000 (1.309),no development data,,58.89 (0.70),0.002 (0.006),55.35 (2.05),3.547 (2.037),58.85 (0.70),0.046 (0.030),0.116 (0.046) / 0.114 (0.041),0.561 (0.178) / 0.270 (0.043),54.41 (0.68),-0.000 (0.016),1713819 (23651),1 (617)
ResNet-20 shallow,ResNet-20 shallow,0.5,round>30,57.36 (0.41),57.08 (0.26),0.277 (0.216),55.42 (0.99),1.937 (1.351),no development data,,57.34 (0.41),0.014 (0.020),53.87 (1.75),3.489 (2.114),57.30 (0.39),0.054 (0.043),0.131 (0.054) / 0.118 (0.040),0.544 (0.176) / 0.266 (0.042),52.58 (0.44),0.008 (0.028),1468029 (17840),-237 (866)
ResNet-20 shallow,ResNet-20 shallow,0.5,round>50,58.22 (0.42),57.94 (0.23),0.280 (0.218),56.25 (0.98),1.966 (1.387),no development data,,58.19 (0.42),0.021 (0.034),54.65 (1.76),3.567 (2.169),58.16 (0.39),0.059 (0.049),0.138 (0.053) / 0.117 (0.037),0.555 (0.177) / 0.275 (0.042),53.38 (0.44),0.014 (0.040),1191854 (17217),-351 (1012)
ResNet-20 shallow,ResNet-20 shallow,0.5,transition,55.85 (1.27),55.62 (1.40),0.232 (0.136),54.21 (2.02),1.636 (0.772),no development data,,55.82 (1.28),0.027 (0.039),52.78 (2.49),3.067 (1.256),55.79 (1.29),0.060 (0.026),,,,,,
ResNet-20 shallow,ResNet-20 shallow,0.5,non-transition,59.29 (0.63),58.99 (0.65),0.293 (0.218),57.27 (1.38),2.018 (1.337),no development data,,59.28 (0.63),0.002 (0.006),55.71 (2.05),3.578 (2.079),59.24 (0.63),0.045 (0.031),,,,,,
ResNet-20 middle,ResNet-20 middle,1.0,full,59.80 (1.39),59.70 (1.45),0.098 (0.102),59.21 (1.59),0.585 (0.333),no development data,,59.79 (1.41),0.005 (0.022),58.51 (1.67),1.284 (0.422),59.76 (1.42),0.034 (0.045),0.064 (0.025) / 0.059 (0.018),0.309 (0.102) / 0.211 (0.023),55.08 (1.32),0.002 (0.022),1688720 (51032),-83 (818)
ResNet-20 middle,ResNet-20 middle,1.0,round>30,57.37 (1.44),57.30 (1.48),0.069 (0.080),57.01 (1.58),0.363 (0.264),no development data,,57.36 (1.46),0.007 (0.026),56.61 (1.71),0.760 (0.460),57.34 (1.46),0.027 (0.044),0.062 (0.030) / 0.055 (0.019),0.233 (0.094) / 0.165 (0.041),52.56 (1.30),0.003 (0.025),1468795 (40133),-90 (776)
ResNet-20 middle,ResNet-20 middle,1.0,round>50,57.98 (1.54),57.91 (1.60),0.065 (0.093),57.66 (1.73),0.317 (0.317),no development data,,57.97 (1.56),0.010 (0.027),57.33 (1.85),0.650 (0.533),57.95 (1.58),0.028 (0.049),0.064 (0.035) / 0.054 (0.018),0.225 (0.104) / 0.160 (0.040),53.11 (1.40),0.006 (0.025),1198761 (36262),-155 (644)
ResNet-20 middle,ResNet-20 middle,1.0,transition,56.53 (1.18),56.50 (1.21),0.032 (0.046),56.35 (1.34),0.179 (0.173),no development data,,56.54 (1.18),-0.004 (0.012),56.08 (1.41),0.456 (0.233),56.53 (1.19),0.002 (0.016),,,,,,
ResNet-20 middle,ResNet-20 middle,1.0,non-transition,60.17 (1.38),60.07 (1.43),0.102 (0.106),59.57 (1.59),0.602 (0.344),no development data,,60.16 (1.40),0.006 (0.022),58.85 (1.67),1.316 (0.439),60.13 (1.40),0.035 (0.047),,,,,,
ResNet-20 middle,ResNet-20 middle,0.5,full,59.82 (1.37),59.75 (1.41),0.065 (0.072),59.41 (1.54),0.408 (0.306),no development data,,59.82 (1.39),-0.001 (0.012),59.04 (1.60),0.778 (0.469),59.80 (1.39),0.014 (0.022),0.034 (0.017) / 0.035 (0.013),0.211 (0.073) / 0.146 (0.005),55.09 (1.32),-0.002 (0.011),1688181 (50829),68 (403)
ResNet-20 middle,ResNet-20 middle,0.5,round>30,57.37 (1.44),57.32 (1.47),0.050 (0.062),57.09 (1.58),0.277 (0.251),no development data,,57.37 (1.45),0.003 (0.013),56.84 (1.67),0.528 (0.421),57.36 (1.45),0.013 (0.024),0.034 (0.021) / 0.031 (0.012),0.166 (0.077) / 0.116 (0.022),52.56 (1.30),0.001 (0.012),1468618 (40128),-19 (355)
ResNet-20 middle,ResNet-20 middle,0.5,round>50,57.98 (1.55),57.93 (1.59),0.048 (0.069),57.73 (1.72),0.253 (0.282),no development data,,57.97 (1.56),0.005 (0.013),57.51 (1.82),0.470 (0.465),57.96 (1.57),0.014 (0.025),0.035 (0.023) / 0.031 (0.012),0.163 (0.083) / 0.115 (0.024),53.11 (1.40),0.003 (0.011),1198645 (36395),-74 (285)
ResNet-20 middle,ResNet-20 middle,0.5,transition,56.53 (1.17),56.51 (1.20),0.025 (0.031),56.37 (1.31),0.169 (0.136),no development data,,56.54 (1.17),-0.007 (0.003),56.17 (1.39),0.365 (0.216),56.54 (1.18),-0.002 (0.002),,,,,,
ResNet-20 middle,ResNet-20 middle,0.5,non-transition,60.19 (1.36),60.12 (1.40),0.067 (0.075),59.77 (1.53),0.420 (0.317),no development data,,60.19 (1.37),-0.000 (0.011),59.39 (1.60),0.798 (0.483),60.17 (1.37),0.015 (0.023),,,,,,
VGG-11 shallow,VGG-11 shallow,1.0,full,70.17 (1.00),70.17 (0.97),0.000 (0.032),69.81 (1.19),0.352 (0.215),no development data,,69.75 (0.82),0.413 (0.185),68.91 (1.30),1.261 (0.354),69.97 (0.90),0.193 (0.094),1.256 (0.189) / 0.843 (0.011),0.307 (0.026) / 0.307 (0.012),66.65 (1.08),0.613 (0.206),1253616 (43090),-23052 (7718)
VGG-11 shallow,VGG-11 shallow,1.0,round>30,68.56 (1.07),68.57 (1.03),-0.013 (0.049),68.47 (1.30),0.091 (0.224),no development data,,68.05 (0.86),0.513 (0.233),67.80 (1.44),0.760 (0.364),68.31 (0.95),0.246 (0.123),1.483 (0.251) / 0.970 (0.023),0.248 (0.029) / 0.261 (0.029),64.95 (1.12),0.721 (0.245),1084976 (35724),-22344 (7626)
VGG-11 shallow,VGG-11 shallow,1.0,round>50,69.28 (1.14),69.29 (1.09),-0.004 (0.061),69.10 (1.32),0.182 (0.181),no development data,,68.79 (0.94),0.494 (0.231),68.41 (1.44),0.876 (0.303),69.05 (1.02),0.237 (0.128),1.516 (0.248) / 1.023 (0.024),0.264 (0.043) / 0.268 (0.032),65.69 (1.19),0.712 (0.244),877173 (32894),-18223 (6278)
VGG-11 shallow,VGG-11 shallow,1.0,transition,67.17 (0.68),67.26 (0.68),-0.095 (0.005),67.39 (0.85),-0.217 (0.203),no development data,,66.68 (0.49),0.494 (0.193),66.87 (0.96),0.297 (0.347),66.97 (0.61),0.200 (0.078),,,,,,
VGG-11 shallow,VGG-11 shallow,1.0,non-transition,70.54 (0.95),70.53 (0.92),0.010 (0.029),70.13 (1.15),0.403 (0.227),no development data,,70.13 (0.77),0.406 (0.182),69.20 (1.26),1.341 (0.378),70.34 (0.85),0.193 (0.092),,,,,,
VGG-11 shallow,VGG-11 shallow,0.5,full,68.16 (0.66),68.12 (0.64),0.033 (0.017),67.89 (0.73),0.271 (0.073),no development data,,67.97 (0.60),0.184 (0.073),67.44 (0.76),0.714 (0.110),68.03 (0.62),0.124 (0.042),0.715 (0.100) / 0.531 (0.039),0.218 (0.027) / 0.185 (0.011),64.32 (0.66),0.301 (0.078),1341321 (29994),-11306 (2957)
VGG-11 shallow,VGG-11 shallow,0.5,round>30,66.36 (0.70),66.33 (0.68),0.031 (0.026),66.24 (0.76),0.117 (0.082),no development data,,66.12 (0.65),0.234 (0.094),65.93 (0.81),0.426 (0.143),66.20 (0.66),0.160 (0.055),0.842 (0.128) / 0.608 (0.046),0.205 (0.033) / 0.173 (0.007),62.43 (0.65),0.358 (0.095),1163207 (25104),-11094 (2981)
VGG-11 shallow,VGG-11 shallow,0.5,round>50,67.11 (0.78),67.07 (0.76),0.033 (0.028),66.94 (0.83),0.162 (0.066),no development data,,66.89 (0.75),0.219 (0.088),66.62 (0.87),0.482 (0.119),66.96 (0.75),0.149 (0.053),0.860 (0.124) / 0.641 (0.049),0.226 (0.038) / 0.193 (0.011),63.18 (0.73),0.348 (0.089),941386 (24348),-8893 (2321)
VGG-11 shallow,VGG-11 shallow,0.5,transition,64.79 (0.33),64.79 (0.33),-0.002 (0.003),64.85 (0.27),-0.067 (0.061),no development data,,64.55 (0.32),0.236 (0.043),64.64 (0.22),0.150 (0.129),64.63 (0.35),0.155 (0.023),,,,,,
VGG-11 shallow,VGG-11 shallow,0.5,non-transition,68.55 (0.62),68.52 (0.61),0.037 (0.016),68.25 (0.70),0.300 (0.080),no development data,,68.37 (0.57),0.178 (0.074),67.79 (0.74),0.759 (0.120),68.43 (0.58),0.122 (0.043),,,,,,
VGG-11 middle,VGG-11 middle,1.0,full,69.17 (0.69),69.31 (0.70),-0.144 (0.017),69.16 (0.80),0.009 (0.140),no development data,,68.94 (0.62),0.230 (0.080),68.45 (0.81),0.721 (0.124),69.20 (0.67),-0.031 (0.022),0.660 (0.051) / 0.430 (0.060),0.356 (0.050) / 0.500 (0.033),64.96 (0.79),0.318 (0.088),1317283 (31138),-11967 (3343)
VGG-11 middle,VGG-11 middle,1.0,round>30,67.03 (0.63),67.21 (0.64),-0.178 (0.020),67.35 (0.72),-0.316 (0.109),no development data,,66.75 (0.56),0.287 (0.100),67.03 (0.77),0.002 (0.151),67.06 (0.61),-0.027 (0.042),0.796 (0.077) / 0.509 (0.063),0.248 (0.047) / 0.426 (0.053),62.76 (0.74),0.375 (0.104),1152798 (23126),-11610 (3287)
VGG-11 middle,VGG-11 middle,1.0,round>50,67.78 (0.70),67.93 (0.71),-0.152 (0.023),68.04 (0.77),-0.255 (0.091),no development data,,67.51 (0.64),0.276 (0.097),67.74 (0.80),0.046 (0.124),67.80 (0.68),-0.015 (0.042),0.813 (0.077) / 0.537 (0.059),0.219 (0.043) / 0.371 (0.056),63.49 (0.82),0.366 (0.102),933264 (22614),-9366 (2660)
VGG-11 middle,VGG-11 middle,1.0,transition,65.81 (0.89),66.04 (0.88),-0.233 (0.028),66.30 (1.20),-0.491 (0.369),no development data,,65.50 (0.73),0.307 (0.249),65.98 (1.26),-0.173 (0.439),65.87 (0.84),-0.055 (0.076),,,,,,
VGG-11 middle,VGG-11 middle,1.0,non-transition,69.54 (0.61),69.68 (0.63),-0.135 (0.020),69.49 (0.72),0.050 (0.134),no development data,,69.32 (0.55),0.225 (0.074),68.76 (0.73),0.781 (0.122),69.57 (0.60),-0.028 (0.019),,,,,,
VGG-11 middle,VGG-11 middle,0.5,full,69.02 (0.57),69.07 (0.57),-0.057 (0.004),69.03 (0.58),-0.011 (0.042),no development data,,68.81 (0.55),0.206 (0.031),68.65 (0.57),0.366 (0.017),68.98 (0.56),0.039 (0.016),0.562 (0.027) / 0.356 (0.033),0.206 (0.025) / 0.263 (0.028),64.77 (0.66),0.283 (0.027),1324304 (27667),-10647 (1050)
VGG-11 middle,VGG-11 middle,0.5,round>30,66.86 (0.53),66.93 (0.53),-0.068 (0.021),67.09 (0.53),-0.226 (0.007),no development data,,66.61 (0.51),0.252 (0.038),66.94 (0.55),-0.073 (0.030),66.81 (0.52),0.055 (0.026),0.672 (0.042) / 0.420 (0.035),0.125 (0.022) / 0.193 (0.040),62.56 (0.61),0.330 (0.032),1159207 (21687),-10215 (1028)
VGG-11 middle,VGG-11 middle,0.5,round>50,67.63 (0.63),67.68 (0.64),-0.052 (0.024),67.80 (0.63),-0.176 (0.023),no development data,,67.39 (0.61),0.240 (0.033),67.65 (0.64),-0.023 (0.041),67.57 (0.62),0.059 (0.022),0.682 (0.043) / 0.442 (0.032),0.108 (0.020) / 0.160 (0.041),63.30 (0.72),0.319 (0.027),938214 (22017),-8150 (725)
VGG-11 middle,VGG-11 middle,0.5,transition,65.60 (0.77),65.69 (0.74),-0.098 (0.038),65.98 (0.87),-0.389 (0.173),no development data,,65.31 (0.71),0.288 (0.165),65.87 (0.86),-0.270 (0.190),65.55 (0.74),0.043 (0.081),,,,,,
VGG-11 middle,VGG-11 middle,0.5,non-transition,69.40 (0.51),69.45 (0.51),-0.052 (0.004),69.38 (0.51),0.021 (0.036),no development data,,69.20 (0.49),0.201 (0.027),68.99 (0.50),0.412 (0.006),69.36 (0.50),0.039 (0.013),,,,,,
S1 replay,CNN,1.0,full,71.95 (1.56),71.83 (1.52),0.119 (0.116),72.58 (1.77),-0.629 (0.267),71.83 (1.52),0.119 (0.116),72.17 (1.60),-0.225 (0.078),72.74 (1.91),-0.791 (0.413),71.53 (1.44),0.414 (0.194),0.110 (0.032) / 0.335 (0.101),0.416 (0.094) / 0.297 (0.092),67.93 (1.64),-0.304 (0.106),1199080 (62963),11369 (3969)
S1 replay,CNN,1.0,transition,69.02 (2.30),68.88 (2.29),0.140 (0.133),69.74 (2.49),-0.729 (0.431),68.88 (2.29),0.140 (0.133),69.28 (2.32),-0.262 (0.099),69.93 (2.66),-0.915 (0.691),68.52 (2.26),0.496 (0.268),,,,,,
S1 replay,CNN,1.0,non-transition,72.27 (1.55),72.15 (1.51),0.119 (0.115),72.88 (1.77),-0.612 (0.262),72.15 (1.51),0.119 (0.115),72.49 (1.59),-0.221 (0.076),73.04 (1.90),-0.769 (0.404),71.86 (1.43),0.408 (0.194),,,,,,
S1 replay,CNN,0.5,full,71.21 (1.47),71.09 (1.43),0.114 (0.076),71.49 (1.60),-0.287 (0.180),71.09 (1.43),0.114 (0.076),71.29 (1.48),-0.082 (0.035),71.55 (1.68),-0.347 (0.271),70.91 (1.38),0.298 (0.134),0.063 (0.010) / 0.145 (0.042),0.310 (0.065) / 0.196 (0.062),67.00 (1.54),-0.112 (0.046),1233902 (60226),4182 (1737)
S1 replay,CNN,0.5,transition,68.07 (2.35),67.94 (2.33),0.129 (0.078),68.40 (2.43),-0.327 (0.297),67.94 (2.33),0.129 (0.078),68.18 (2.36),-0.106 (0.060),68.46 (2.52),-0.385 (0.464),67.73 (2.32),0.340 (0.167),,,,,,
S1 replay,CNN,0.5,non-transition,71.54 (1.46),71.43 (1.42),0.112 (0.076),71.82 (1.59),-0.279 (0.177),71.43 (1.42),0.112 (0.076),71.62 (1.47),-0.080 (0.034),71.88 (1.67),-0.336 (0.268),71.25 (1.36),0.294 (0.135),,,,,,
S2 replay,CNN,1.0,full,76.54 (2.52),76.40 (2.47),0.138 (0.071),76.66 (2.56),-0.128 (0.148),76.40 (2.47),0.138 (0.071),76.59 (2.58),-0.059 (0.062),76.59 (2.67),-0.054 (0.259),76.23 (2.45),0.306 (0.139),0.115 (0.039) / 0.174 (0.025),0.517 (0.010) / 0.380 (0.080),73.30 (2.03),-0.097 (0.077),894137 (68905),3241 (2583)
S2 replay,CNN,1.0,transition,67.94 (1.82),67.85 (1.74),0.088 (0.100),68.31 (1.63),-0.370 (0.200),67.85 (1.74),0.088 (0.100),68.11 (1.84),-0.173 (0.019),68.26 (1.63),-0.323 (0.236),67.60 (1.79),0.334 (0.119),,,,,,
S2 replay,CNN,1.0,non-transition,77.10 (2.67),76.96 (2.62),0.142 (0.082),77.22 (2.72),-0.119 (0.156),76.96 (2.62),0.142 (0.082),77.16 (2.73),-0.052 (0.065),77.15 (2.85),-0.047 (0.282),76.80 (2.59),0.308 (0.155),,,,,,
S2 replay,CNN,0.5,full,76.01 (2.68),75.89 (2.64),0.117 (0.069),76.04 (2.75),-0.037 (0.115),75.89 (2.64),0.117 (0.069),76.04 (2.72),-0.034 (0.033),75.99 (2.83),0.015 (0.202),75.78 (2.60),0.228 (0.141),0.072 (0.019) / 0.106 (0.015),0.371 (0.043) / 0.255 (0.047),72.62 (2.26),-0.050 (0.046),916941 (76597),1658 (1548)
S2 replay,CNN,0.5,transition,67.22 (1.73),67.09 (1.73),0.132 (0.010),67.40 (1.64),-0.176 (0.090),67.09 (1.73),0.132 (0.010),67.30 (1.73),-0.075 (0.005),67.39 (1.66),-0.173 (0.065),66.93 (1.79),0.287 (0.061),,,,,,
S2 replay,CNN,0.5,non-transition,76.58 (2.83),76.47 (2.78),0.117 (0.072),76.62 (2.90),-0.032 (0.123),76.47 (2.78),0.117 (0.072),76.61 (2.87),-0.030 (0.035),76.56 (2.99),0.020 (0.220),76.36 (2.74),0.227 (0.148),,,,,,
