setting,beta,DriftGate minus,full pp,contribution of round <= 30 pp,contribution of round > 30 pp
S1,1.0,initial fixed,0.193 (0.120),-0.037 (0.007),0.230 (0.117)
S1,1.0,development w 0.45,0.107 (0.049),0.042 (0.021),0.065 (0.042)
S1,1.0,corrected edge only,0.447 (0.190),0.874 (0.201),-0.427 (0.272)
S1,0.5,initial fixed,0.125 (0.072),-0.014 (0.006),0.139 (0.068)
S1,0.5,development w 0.45,0.071 (0.026),0.023 (0.010),0.048 (0.024)
S1,0.5,corrected edge only,0.176 (0.120),0.378 (0.098),-0.201 (0.161)
S2,1.0,initial fixed,-0.119 (0.142),-0.055 (0.040),-0.064 (0.110)
S2,1.0,development w 0.45,0.016 (0.032),0.028 (0.012),-0.012 (0.021)
S2,1.0,corrected edge only,1.212 (0.273),0.799 (0.086),0.413 (0.200)
S2,0.5,initial fixed,-0.013 (0.059),-0.019 (0.020),0.006 (0.043)
S2,0.5,development w 0.45,0.036 (0.013),0.012 (0.007),0.024 (0.010)
S2,0.5,corrected edge only,0.537 (0.145),0.299 (0.056),0.237 (0.121)
S1-fast,1.0,initial fixed,0.234 (0.110),-0.034 (0.008),0.268 (0.103)
S1-fast,1.0,development w 0.45,0.104 (0.060),0.033 (0.021),0.071 (0.039)
S1-fast,1.0,corrected edge only,0.308 (0.116),0.828 (0.176),-0.520 (0.248)
S1-fast,0.5,initial fixed,0.156 (0.060),-0.009 (0.004),0.165 (0.057)
S1-fast,0.5,development w 0.45,0.072 (0.027),0.019 (0.009),0.053 (0.018)
S1-fast,0.5,corrected edge only,0.079 (0.034),0.354 (0.091),-0.275 (0.120)
partial participation,1.0,initial fixed,-0.017 (0.068),-0.064 (0.006),0.047 (0.072)
partial participation,1.0,development w 0.45,0.023 (0.047),0.026 (0.017),-0.004 (0.029)
partial participation,1.0,corrected edge only,1.175 (0.212),0.999 (0.241),0.176 (0.336)
partial participation,0.5,initial fixed,0.026 (0.021),-0.026 (0.006),0.052 (0.026)
partial participation,0.5,development w 0.45,0.033 (0.017),0.019 (0.013),0.014 (0.005)
partial participation,0.5,corrected edge only,0.535 (0.129),0.452 (0.111),0.083 (0.186)
stepwise change,1.0,initial fixed,0.144 (0.119),-0.071 (0.015),0.214 (0.112)
stepwise change,1.0,development w 0.45,0.137 (0.032),0.088 (0.029),0.049 (0.034)
stepwise change,1.0,corrected edge only,1.118 (0.299),1.477 (0.099),-0.359 (0.270)
stepwise change,0.5,initial fixed,0.107 (0.074),-0.028 (0.008),0.135 (0.069)
stepwise change,0.5,development w 0.45,0.090 (0.018),0.053 (0.014),0.037 (0.017)
stepwise change,0.5,corrected edge only,0.429 (0.209),0.622 (0.038),-0.193 (0.214)
random mobility,1.0,initial fixed,0.141 (0.066),-0.055 (0.004),0.196 (0.071)
random mobility,1.0,development w 0.45,0.119 (0.050),0.097 (0.009),0.022 (0.041)
random mobility,1.0,corrected edge only,1.207 (0.181),1.655 (0.101),-0.449 (0.089)
random mobility,0.5,initial fixed,0.116 (0.023),-0.017 (0.008),0.133 (0.027)
random mobility,0.5,development w 0.45,0.091 (0.025),0.059 (0.002),0.032 (0.023)
random mobility,0.5,corrected edge only,0.456 (0.149),0.681 (0.065),-0.225 (0.094)
K=200,1.0,initial fixed,0.435 (0.094),-0.011 (0.011),0.447 (0.086)
K=200,1.0,development w 0.45,0.194 (0.057),0.029 (0.005),0.165 (0.054)
K=200,1.0,corrected edge only,-0.156 (0.061),0.668 (0.070),-0.824 (0.085)
K=200,0.5,initial fixed,0.252 (0.050),-0.001 (0.006),0.253 (0.045)
K=200,0.5,development w 0.45,0.113 (0.030),0.014 (0.001),0.099 (0.030)
K=200,0.5,corrected edge only,-0.205 (0.030),0.242 (0.021),-0.447 (0.040)
K=500,1.0,initial fixed,0.531 (0.007),-0.005 (0.003),0.536 (0.008)
K=500,1.0,development w 0.45,0.215 (0.031),0.021 (0.005),0.194 (0.027)
K=500,1.0,corrected edge only,-0.422 (0.121),0.594 (0.065),-1.017 (0.096)
K=500,0.5,initial fixed,0.309 (0.017),0.004 (0.003),0.305 (0.014)
K=500,0.5,development w 0.45,0.121 (0.013),0.008 (0.004),0.113 (0.011)
K=500,0.5,corrected edge only,-0.362 (0.092),0.193 (0.038),-0.555 (0.058)
CIFAR-100,1.0,initial fixed,-0.158 (0.025),-0.024 (0.004),-0.134 (0.023)
CIFAR-100,1.0,development w 0.45,-0.075 (0.017),0.020 (0.001),-0.094 (0.018)
CIFAR-100,1.0,corrected edge only,0.594 (0.033),0.280 (0.010),0.314 (0.024)
CIFAR-100,0.5,initial fixed,-0.080 (0.001),-0.005 (0.001),-0.075 (0.001)
CIFAR-100,0.5,development w 0.45,-0.043 (0.003),0.005 (0.001),-0.048 (0.002)
CIFAR-100,0.5,corrected edge only,0.188 (0.010),0.052 (0.007),0.135 (0.004)
ResNet-18,1.0,initial fixed,-0.143 (0.006),-0.047 (0.008),-0.096 (0.011)
ResNet-18,1.0,development w 0.45,0.147 (0.089),0.356 (0.143),-0.208 (0.112)
ResNet-18,1.0,corrected edge only,4.915 (1.688),2.731 (0.653),2.184 (1.367)
ResNet-18,0.5,initial fixed,-0.036 (0.054),-0.045 (0.013),0.009 (0.042)
ResNet-18,0.5,development w 0.45,0.118 (0.050),0.212 (0.104),-0.094 (0.069)
ResNet-18,0.5,corrected edge only,2.889 (0.966),1.721 (0.425),1.168 (0.874)
ResNet-20 shallow,1.0,initial fixed,0.071 (0.059),0.002 (0.012),0.069 (0.061)
ResNet-20 shallow,1.0,development w 0.45,0.501 (0.368),0.134 (0.074),0.366 (0.294)
ResNet-20 shallow,1.0,corrected edge only,7.106 (3.835),1.582 (0.641),5.524 (3.260)
ResNet-20 shallow,0.5,initial fixed,0.002 (0.006),-0.008 (0.009),0.011 (0.015)
ResNet-20 shallow,0.5,development w 0.45,0.291 (0.214),0.076 (0.052),0.215 (0.167)
ResNet-20 shallow,0.5,corrected edge only,3.547 (2.037),0.846 (0.463),2.701 (1.637)
ResNet-20 middle,1.0,initial fixed,0.005 (0.022),-0.000 (0.001),0.005 (0.020)
ResNet-20 middle,1.0,development w 0.45,0.098 (0.102),0.045 (0.047),0.053 (0.062)
ResNet-20 middle,1.0,corrected edge only,1.284 (0.422),0.696 (0.097),0.588 (0.356)
ResNet-20 middle,0.5,initial fixed,-0.001 (0.012),-0.003 (0.004),0.002 (0.010)
ResNet-20 middle,0.5,development w 0.45,0.065 (0.072),0.027 (0.029),0.038 (0.048)
ResNet-20 middle,0.5,corrected edge only,0.778 (0.469),0.369 (0.201),0.409 (0.326)
VGG-11 shallow,1.0,initial fixed,0.413 (0.185),0.016 (0.005),0.397 (0.180)
VGG-11 shallow,1.0,development w 0.45,0.000 (0.032),0.010 (0.008),-0.010 (0.038)
VGG-11 shallow,1.0,corrected edge only,1.261 (0.354),0.672 (0.147),0.589 (0.282)
VGG-11 shallow,0.5,initial fixed,0.184 (0.073),0.002 (0.001),0.181 (0.073)
VGG-11 shallow,0.5,development w 0.45,0.033 (0.017),0.009 (0.004),0.024 (0.020)
VGG-11 shallow,0.5,corrected edge only,0.714 (0.110),0.385 (0.065),0.330 (0.111)
VGG-11 middle,1.0,initial fixed,0.230 (0.080),0.008 (0.002),0.222 (0.078)
VGG-11 middle,1.0,development w 0.45,-0.144 (0.017),-0.006 (0.025),-0.138 (0.015)
VGG-11 middle,1.0,corrected edge only,0.721 (0.124),0.720 (0.021),0.001 (0.117)
VGG-11 middle,0.5,initial fixed,0.206 (0.031),0.011 (0.003),0.195 (0.029)
VGG-11 middle,0.5,development w 0.45,-0.057 (0.004),-0.004 (0.013),-0.053 (0.016)
VGG-11 middle,0.5,corrected edge only,0.366 (0.017),0.422 (0.039),-0.056 (0.023)
