setting,beta,method,all,home,away,Main,OOP,OOR
S1,1.0,DriftGate,68.31 (2.45),79.82 (2.66),53.18 (2.50),86.94 (3.04),21.63 (1.31),10.68 (3.66)
S1,1.0,initial fixed,68.12 (2.37),79.86 (2.61),52.71 (2.28),87.24 (3.00),20.03 (0.99),9.69 (3.36)
S1,1.0,development w 0.45,68.21 (2.42),79.77 (2.64),53.06 (2.46),86.98 (3.03),21.08 (1.23),10.29 (3.55)
S1,1.0,corrected edge only,67.87 (2.53),78.42 (2.59),54.56 (3.23),84.58 (2.98),26.75 (2.05),13.68 (4.50)
S1,0.5,DriftGate,67.73 (2.28),79.85 (2.62),51.59 (2.23),87.39 (2.84),18.58 (1.02),9.03 (3.01)
S1,0.5,initial fixed,67.60 (2.24),79.84 (2.59),51.31 (2.12),87.53 (2.82),17.64 (0.88),8.44 (2.84)
S1,0.5,development w 0.45,67.66 (2.27),79.81 (2.61),51.51 (2.20),87.40 (2.83),18.26 (0.99),8.80 (2.95)
S1,0.5,corrected edge only,67.55 (2.35),79.13 (2.62),52.34 (2.58),86.11 (2.84),21.75 (1.47),10.96 (3.51)
S2,1.0,DriftGate,71.70 (0.97),78.45 (1.51),51.56 (0.71),84.70 (0.76),30.63 (6.04),4.86 (1.00)
S2,1.0,initial fixed,71.82 (1.10),78.68 (1.61),51.46 (0.49),85.27 (0.80),28.84 (6.11),4.34 (1.03)
S2,1.0,development w 0.45,71.68 (1.00),78.48 (1.52),51.45 (0.63),84.87 (0.78),29.78 (5.92),4.64 (1.03)
S2,1.0,corrected edge only,70.49 (0.82),76.95 (1.44),51.48 (1.16),82.42 (1.04),34.43 (4.85),5.91 (0.94)
S2,0.5,DriftGate,71.77 (1.48),78.84 (1.88),50.47 (0.10),85.59 (1.05),27.51 (6.97),4.13 (0.96)
S2,0.5,initial fixed,71.78 (1.53),78.91 (1.92),50.36 (0.18),85.85 (1.06),26.37 (6.90),3.81 (0.97)
S2,0.5,development w 0.45,71.73 (1.49),78.82 (1.87),50.41 (0.14),85.66 (1.06),26.97 (6.80),4.00 (0.97)
S2,0.5,corrected edge only,71.23 (1.42),78.11 (1.82),50.60 (0.21),84.45 (1.20),30.06 (6.33),4.87 (0.96)
S1-fast,1.0,DriftGate,68.96 (0.76),80.65 (1.02),54.08 (1.41),87.94 (0.85),22.07 (1.34),11.32 (5.12)
S1-fast,1.0,initial fixed,68.73 (0.65),80.68 (0.94),53.54 (1.14),88.23 (0.83),20.33 (1.03),10.15 (4.73)
S1-fast,1.0,development w 0.45,68.86 (0.70),80.61 (0.96),53.92 (1.34),88.00 (0.82),21.48 (1.26),10.90 (4.98)
S1-fast,1.0,corrected edge only,68.66 (0.80),79.27 (1.15),55.63 (1.83),85.68 (0.85),27.45 (1.71),14.75 (6.09)
S1-fast,0.5,DriftGate,68.31 (0.56),80.70 (0.83),52.23 (1.44),88.37 (0.75),18.79 (0.72),9.48 (4.18)
S1-fast,0.5,initial fixed,68.15 (0.50),80.68 (0.79),51.93 (1.32),88.50 (0.75),17.77 (0.56),8.80 (3.99)
S1-fast,0.5,development w 0.45,68.24 (0.53),80.66 (0.81),52.14 (1.40),88.38 (0.74),18.46 (0.69),9.25 (4.11)
S1-fast,0.5,corrected edge only,68.23 (0.59),80.03 (0.95),53.08 (1.59),87.16 (0.74),22.18 (0.90),11.70 (4.74)
partial participation,1.0,DriftGate,64.82 (0.40),77.37 (1.00),49.00 (1.61),84.82 (1.00),15.00 (0.14),7.26 (3.84)
partial participation,1.0,initial fixed,64.84 (0.33),77.56 (0.89),48.87 (1.48),85.19 (0.96),14.01 (0.22),6.66 (3.65)
partial participation,1.0,development w 0.45,64.80 (0.36),77.39 (0.92),48.96 (1.63),84.89 (0.95),14.71 (0.15),7.06 (3.78)
partial participation,1.0,corrected edge only,63.64 (0.56),75.24 (1.35),49.49 (1.92),81.84 (1.08),19.06 (0.13),9.78 (4.88)
partial participation,0.5,DriftGate,64.35 (0.27),77.47 (0.74),48.06 (1.63),85.34 (0.82),12.46 (0.48),5.92 (2.96)
partial participation,0.5,initial fixed,64.32 (0.25),77.52 (0.71),47.93 (1.60),85.49 (0.83),11.90 (0.52),5.59 (2.87)
partial participation,0.5,development w 0.45,64.31 (0.25),77.44 (0.72),48.02 (1.64),85.34 (0.81),12.33 (0.47),5.83 (2.93)
partial participation,0.5,corrected edge only,63.81 (0.39),76.37 (0.95),48.43 (1.73),83.82 (0.86),14.95 (0.39),7.47 (3.49)
stepwise change,1.0,DriftGate,72.36 (2.20),nan (nan),nan (nan),87.10 (2.46),27.04 (3.40),5.98 (1.08)
stepwise change,1.0,initial fixed,72.21 (2.09),nan (nan),nan (nan),87.38 (2.37),25.18 (3.01),5.23 (1.03)
stepwise change,1.0,development w 0.45,72.22 (2.18),nan (nan),nan (nan),87.09 (2.45),26.48 (3.26),5.75 (1.05)
stepwise change,1.0,corrected edge only,71.24 (2.38),nan (nan),nan (nan),84.50 (2.61),32.65 (3.98),8.74 (1.31)
stepwise change,0.5,DriftGate,71.99 (1.97),nan (nan),nan (nan),87.51 (2.24),23.29 (2.36),5.20 (0.73)
stepwise change,0.5,initial fixed,71.89 (1.92),nan (nan),nan (nan),87.64 (2.20),22.23 (2.21),4.73 (0.72)
stepwise change,0.5,development w 0.45,71.90 (1.97),nan (nan),nan (nan),87.48 (2.25),23.00 (2.30),5.08 (0.71)
stepwise change,0.5,corrected edge only,71.57 (2.10),nan (nan),nan (nan),86.17 (2.35),26.76 (2.50),7.09 (0.83)
random mobility,1.0,DriftGate,71.09 (0.86),nan (nan),nan (nan),87.61 (0.39),21.74 (3.87),10.78 (1.40)
random mobility,1.0,initial fixed,70.95 (0.82),nan (nan),nan (nan),87.80 (0.41),20.41 (3.49),9.88 (1.40)
random mobility,1.0,development w 0.45,70.98 (0.82),nan (nan),nan (nan),87.54 (0.39),21.58 (3.72),10.64 (1.42)
random mobility,1.0,corrected edge only,69.89 (0.81),nan (nan),nan (nan),84.90 (0.65),27.26 (4.24),14.67 (1.86)
random mobility,0.5,DriftGate,70.68 (0.71),nan (nan),nan (nan),87.94 (0.36),18.18 (2.81),9.43 (1.29)
random mobility,0.5,initial fixed,70.57 (0.69),nan (nan),nan (nan),88.01 (0.37),17.43 (2.65),8.88 (1.30)
random mobility,0.5,development w 0.45,70.59 (0.69),nan (nan),nan (nan),87.87 (0.35),18.10 (2.74),9.36 (1.31)
random mobility,0.5,corrected edge only,70.23 (0.65),nan (nan),nan (nan),86.60 (0.36),21.35 (2.95),11.96 (1.52)
K=200,1.0,DriftGate,69.00 (1.43),79.61 (0.42),55.08 (2.34),87.66 (0.15),25.36 (2.84),13.94 (1.99)
K=200,1.0,initial fixed,68.56 (1.34),79.55 (0.38),54.27 (2.23),87.87 (0.19),23.18 (2.53),12.29 (1.64)
K=200,1.0,development w 0.45,68.80 (1.37),79.55 (0.40),54.80 (2.25),87.71 (0.17),24.50 (2.64),13.20 (1.76)
K=200,1.0,corrected edge only,69.15 (1.49),78.57 (0.51),56.79 (2.27),85.85 (0.18),30.99 (3.21),17.84 (2.18)
K=200,0.5,DriftGate,67.95 (1.30),79.44 (0.50),52.82 (2.00),87.73 (0.17),21.76 (2.43),11.94 (1.59)
K=200,0.5,initial fixed,67.70 (1.25),79.37 (0.47),52.40 (1.95),87.83 (0.19),20.50 (2.27),10.95 (1.43)
K=200,0.5,development w 0.45,67.84 (1.27),79.38 (0.49),52.67 (1.95),87.74 (0.19),21.29 (2.34),11.53 (1.47)
K=200,0.5,corrected edge only,68.16 (1.33),78.98 (0.55),53.82 (1.89),86.83 (0.21),25.29 (2.71),14.48 (1.73)
K=500,1.0,DriftGate,70.11 (0.22),81.14 (0.37),55.45 (0.55),88.61 (0.20),26.64 (0.64),14.63 (0.79)
K=500,1.0,initial fixed,69.58 (0.21),80.99 (0.37),54.55 (0.50),88.78 (0.21),24.23 (0.59),12.75 (0.72)
K=500,1.0,development w 0.45,69.90 (0.19),81.06 (0.37),55.08 (0.48),88.66 (0.20),25.69 (0.54),13.79 (0.73)
K=500,1.0,corrected edge only,70.53 (0.16),80.36 (0.37),57.12 (0.77),86.94 (0.24),32.71 (0.60),19.09 (0.59)
K=500,0.5,DriftGate,69.01 (0.22),80.89 (0.32),53.50 (0.49),88.54 (0.18),23.18 (0.43),12.78 (0.42)
K=500,0.5,initial fixed,68.70 (0.21),80.78 (0.33),53.01 (0.47),88.62 (0.19),21.76 (0.43),11.59 (0.42)
K=500,0.5,development w 0.45,68.89 (0.21),80.84 (0.32),53.31 (0.46),88.56 (0.18),22.65 (0.40),12.27 (0.41)
K=500,0.5,corrected edge only,69.37 (0.24),80.59 (0.29),54.59 (0.56),87.73 (0.17),27.00 (0.51),15.70 (0.21)
CIFAR-100,1.0,DriftGate,41.29 (0.62),47.28 (0.72),36.16 (2.44),51.08 (0.99),18.76 (0.83),11.56 (0.57)
CIFAR-100,1.0,initial fixed,41.45 (0.60),47.59 (0.72),36.15 (2.44),51.47 (0.97),18.28 (0.86),11.20 (0.52)
CIFAR-100,1.0,development w 0.45,41.36 (0.61),47.45 (0.71),36.16 (2.44),51.30 (0.97),18.47 (0.85),11.34 (0.54)
CIFAR-100,1.0,corrected edge only,40.69 (0.66),46.43 (0.72),36.03 (2.51),50.08 (1.03),19.41 (0.80),12.04 (0.62)
CIFAR-100,0.5,DriftGate,38.63 (0.61),45.24 (0.72),32.43 (2.37),49.20 (0.90),13.71 (1.02),8.42 (0.39)
CIFAR-100,0.5,initial fixed,38.71 (0.61),45.37 (0.74),32.46 (2.37),49.35 (0.90),13.60 (1.04),8.32 (0.38)
CIFAR-100,0.5,development w 0.45,38.68 (0.61),45.31 (0.73),32.45 (2.37),49.29 (0.90),13.65 (1.03),8.36 (0.38)
CIFAR-100,0.5,corrected edge only,38.44 (0.60),44.97 (0.69),32.36 (2.38),48.90 (0.89),13.87 (1.01),8.55 (0.43)
ResNet-18,1.0,DriftGate,66.64 (3.14),nan (nan),nan (nan),84.64 (3.71),7.40 (0.98),0.65 (0.55)
ResNet-18,1.0,initial fixed,66.78 (3.15),nan (nan),nan (nan),84.77 (3.63),7.59 (1.40),0.66 (0.55)
ResNet-18,1.0,development w 0.45,66.49 (3.22),nan (nan),nan (nan),84.00 (3.57),9.46 (1.74),1.10 (0.72)
ResNet-18,1.0,corrected edge only,61.72 (2.53),nan (nan),nan (nan),76.36 (2.83),15.66 (2.71),3.23 (2.01)
ResNet-18,0.5,DriftGate,66.74 (3.12),nan (nan),nan (nan),84.71 (3.65),7.65 (1.13),0.71 (0.58)
ResNet-18,0.5,initial fixed,66.78 (3.15),nan (nan),nan (nan),84.78 (3.65),7.54 (1.36),0.68 (0.55)
ResNet-18,0.5,development w 0.45,66.62 (3.17),nan (nan),nan (nan),84.30 (3.56),8.84 (1.56),1.04 (0.68)
ResNet-18,0.5,corrected edge only,63.85 (2.51),nan (nan),nan (nan),79.76 (2.65),13.31 (2.09),2.70 (1.56)
ResNet-20 shallow,1.0,DriftGate,58.88 (0.83),73.24 (0.91),41.36 (1.28),81.50 (1.63),2.30 (1.23),0.82 (0.46)
ResNet-20 shallow,1.0,initial fixed,58.81 (0.86),73.13 (0.90),41.33 (1.32),81.39 (1.70),2.38 (1.24),0.84 (0.44)
ResNet-20 shallow,1.0,development w 0.45,58.38 (0.97),72.55 (1.14),41.07 (1.34),80.67 (1.98),2.68 (1.35),0.98 (0.52)
ResNet-20 shallow,1.0,corrected edge only,51.78 (3.96),64.04 (4.83),36.37 (3.82),70.11 (6.90),5.65 (2.01),2.73 (1.73)
ResNet-20 shallow,0.5,DriftGate,58.89 (0.70),73.20 (0.78),41.18 (1.42),81.59 (1.42),2.15 (1.12),0.82 (0.45)
ResNet-20 shallow,0.5,initial fixed,58.89 (0.70),73.18 (0.75),41.20 (1.45),81.60 (1.44),2.16 (1.10),0.82 (0.44)
ResNet-20 shallow,0.5,development w 0.45,58.60 (0.73),72.78 (0.87),41.04 (1.43),81.13 (1.58),2.34 (1.13),0.92 (0.50)
ResNet-20 shallow,0.5,corrected edge only,55.35 (2.05),68.11 (2.80),39.26 (2.01),76.08 (3.56),4.15 (1.00),1.95 (1.10)
ResNet-20 middle,1.0,DriftGate,59.80 (1.39),74.44 (1.79),41.45 (1.49),82.98 (1.87),1.25 (0.59),0.34 (0.33)
ResNet-20 middle,1.0,initial fixed,59.79 (1.41),74.42 (1.81),41.45 (1.51),82.98 (1.91),1.24 (0.59),0.34 (0.32)
ResNet-20 middle,1.0,development w 0.45,59.70 (1.45),74.31 (1.87),41.39 (1.57),82.83 (1.96),1.30 (0.67),0.34 (0.30)
ResNet-20 middle,1.0,corrected edge only,58.51 (1.67),72.93 (2.32),40.51 (2.39),80.99 (2.38),2.02 (1.07),0.43 (0.24)
ResNet-20 middle,0.5,DriftGate,59.82 (1.37),74.45 (1.76),41.14 (2.02),83.05 (1.89),1.11 (0.48),0.34 (0.31)
ResNet-20 middle,0.5,initial fixed,59.82 (1.39),74.44 (1.78),41.15 (2.02),83.06 (1.91),1.11 (0.48),0.35 (0.31)
ResNet-20 middle,0.5,development w 0.45,59.75 (1.41),74.36 (1.82),41.10 (2.08),82.96 (1.96),1.13 (0.52),0.34 (0.29)
ResNet-20 middle,0.5,corrected edge only,59.04 (1.60),73.48 (2.20),40.66 (2.42),81.90 (2.36),1.50 (0.79),0.38 (0.21)
VGG-11 shallow,1.0,DriftGate,70.17 (1.00),81.06 (0.96),56.09 (1.87),87.78 (1.13),27.06 (1.57),12.83 (3.63)
VGG-11 shallow,1.0,initial fixed,69.75 (0.82),81.25 (0.84),54.95 (1.52),88.52 (1.16),23.61 (1.33),10.52 (3.57)
VGG-11 shallow,1.0,development w 0.45,70.17 (0.97),81.06 (0.96),56.09 (1.79),87.82 (1.15),27.03 (1.38),12.69 (3.74)
VGG-11 shallow,1.0,corrected edge only,68.91 (1.30),77.70 (1.47),57.58 (2.01),82.67 (1.33),36.36 (1.99),18.97 (4.79)
VGG-11 shallow,0.5,DriftGate,68.16 (0.66),80.03 (0.79),52.80 (1.15),86.69 (0.84),22.74 (1.24),11.20 (3.39)
VGG-11 shallow,0.5,initial fixed,67.97 (0.60),80.21 (0.70),52.19 (1.02),87.21 (0.87),20.59 (1.36),9.64 (3.34)
VGG-11 shallow,0.5,development w 0.45,68.12 (0.64),80.05 (0.78),52.69 (1.11),86.79 (0.85),22.40 (1.19),10.87 (3.42)
VGG-11 shallow,0.5,corrected edge only,67.44 (0.76),78.15 (1.13),53.59 (1.10),84.06 (0.93),27.93 (1.33),14.71 (3.96)
VGG-11 middle,1.0,DriftGate,69.17 (0.69),82.03 (0.64),52.52 (1.46),90.22 (1.02),16.83 (1.12),7.22 (1.78)
VGG-11 middle,1.0,initial fixed,68.94 (0.62),82.06 (0.57),51.97 (1.32),90.46 (0.99),15.56 (1.11),6.30 (1.60)
VGG-11 middle,1.0,development w 0.45,69.31 (0.70),82.02 (0.68),52.85 (1.41),90.08 (1.05),17.96 (1.03),7.80 (2.01)
VGG-11 middle,1.0,corrected edge only,68.45 (0.81),79.94 (0.90),53.86 (1.48),86.65 (1.14),24.39 (0.73),11.67 (2.78)
VGG-11 middle,0.5,DriftGate,69.02 (0.57),81.99 (0.60),52.19 (1.24),90.09 (0.95),16.77 (1.21),7.22 (1.85)
VGG-11 middle,0.5,initial fixed,68.81 (0.55),82.01 (0.55),51.72 (1.19),90.29 (0.93),15.59 (1.19),6.36 (1.66)
VGG-11 middle,0.5,development w 0.45,69.07 (0.57),81.98 (0.61),52.33 (1.19),90.00 (0.96),17.42 (1.17),7.50 (1.97)
VGG-11 middle,0.5,corrected edge only,68.65 (0.57),80.58 (0.76),53.30 (1.06),87.84 (1.04),22.53 (1.02),10.56 (2.56)
S1 replay,1.0,DriftGate,71.95 (1.56),83.49 (1.52),56.52 (2.24),90.30 (2.05),29.86 (2.69),8.58 (1.74)
S1 replay,1.0,initial fixed,72.17 (1.60),83.49 (1.53),57.02 (2.34),90.25 (2.05),30.44 (2.69),8.68 (1.77)
S1 replay,1.0,development w 0.45,71.83 (1.52),83.43 (1.45),56.31 (2.26),90.45 (1.94),28.63 (2.54),7.97 (1.61)
S1 replay,1.0,corrected edge only,72.74 (1.91),83.20 (1.74),58.70 (2.77),88.97 (2.25),35.93 (3.08),11.00 (2.08)
S1 replay,0.5,DriftGate,71.21 (1.47),83.27 (1.45),54.85 (1.95),90.35 (1.88),26.81 (1.81),7.79 (1.60)
S1 replay,0.5,initial fixed,71.29 (1.48),83.27 (1.45),55.04 (1.97),90.35 (1.88),27.02 (1.76),7.81 (1.62)
S1 replay,0.5,development w 0.45,71.09 (1.43),83.22 (1.41),54.65 (1.93),90.44 (1.80),25.96 (1.76),7.39 (1.50)
S1 replay,0.5,corrected edge only,71.55 (1.68),83.02 (1.63),55.96 (2.28),89.46 (2.02),30.57 (1.92),9.51 (1.72)
S2 replay,1.0,DriftGate,76.54 (2.52),82.99 (3.50),56.27 (0.77),89.47 (2.62),36.90 (5.47),7.86 (1.10)
S2 replay,1.0,initial fixed,76.59 (2.58),82.97 (3.53),56.60 (0.73),89.43 (2.71),37.09 (5.51),7.91 (1.13)
S2 replay,1.0,development w 0.45,76.40 (2.47),82.90 (3.42),56.02 (0.67),89.62 (2.51),35.16 (5.37),7.21 (1.12)
S2 replay,1.0,corrected edge only,76.59 (2.67),82.71 (3.65),57.50 (0.53),88.55 (3.11),40.99 (4.94),9.47 (1.36)
S2 replay,0.5,DriftGate,76.01 (2.68),82.77 (3.55),54.81 (0.49),89.49 (2.55),34.25 (6.40),7.12 (1.09)
S2 replay,0.5,initial fixed,76.04 (2.72),82.77 (3.55),54.95 (0.52),89.48 (2.59),34.32 (6.40),7.13 (1.09)
S2 replay,0.5,development w 0.45,75.89 (2.64),82.68 (3.48),54.59 (0.52),89.57 (2.49),33.04 (6.13),6.63 (1.12)
S2 replay,0.5,corrected edge only,75.99 (2.83),82.54 (3.67),55.52 (0.36),88.83 (2.86),37.24 (6.22),8.38 (1.23)
