item,value,ci95,n_seeds,source_runs
stepwise composition change: DriftGate − fixed 0.2,+1.229 pp,"[+0.46, +2.00]",5,"b1_relonly_A_s{0,1,2,3,4}; r2_A_fx20_s{0,1,2,3,4}"
stepwise composition change: DriftGate − fixed 0.3,+0.828 pp,"[+0.28, +1.37]",5,"b1_relonly_A_s{0,1,2,3,4}; t1_A_fx30_s{0,1,2,3,4}"
stepwise composition change: DriftGate − fixed 0.4,+0.756 pp,"[+0.41, +1.11]",5,"b1_relonly_A_s{0,1,2,3,4}; t1_A_fx40_s{0,1,2,3,4}"
stepwise composition change: DriftGate − fixed 0.5,+1.069 pp,"[+0.82, +1.32]",5,"b1_relonly_A_s{0,1,2,3,4}; t1_A_fx50_s{0,1,2,3,4}"
stepwise composition change: DriftGate − entropy,+1.562 pp,"[+1.18, +1.94]",5,"b1_relonly_A_s{0,1,2,3,4}; t1_A_ent_s{0,1,2,3,4}"
stepwise composition change: DriftGate − absonly,+1.011 pp,"[+0.73, +1.29]",5,"b1_relonly_A_s{0,1,2,3,4}; b1_absonly_A_s{0,1,2,3,4}"
stepwise composition change: DriftGate integrated accuracy,65.93 % (SD 2.01),,5,"b1_relonly_A_s{0,1,2,3,4}"
client mobility: DriftGate − fixed 0.2,+1.303 pp,"[+0.94, +1.66]",3,"b1_relonly_mob_s{0,1,2}; r2_mob_fx20_s{0,1,2}"
client mobility: DriftGate − fixed 0.4,+0.650 pp,"[+0.47, +0.83]",3,"b1_relonly_mob_s{0,1,2}; t1_mob_fx40_s{0,1,2}"
client mobility: DriftGate − fixed 0.5,+0.929 pp,"[+0.84, +1.02]",3,"b1_relonly_mob_s{0,1,2}; t1_mob_fx50_s{0,1,2}"
client mobility: DriftGate − fixed 0.6,+1.283 pp,"[+0.88, +1.69]",3,"b1_relonly_mob_s{0,1,2}; b3_mob_fx60_s{0,1,2}"
client mobility: DriftGate − entropy,+2.016 pp,"[+1.26, +2.77]",3,"b1_relonly_mob_s{0,1,2}; t1_mob_ent_s{0,1,2}"
client mobility: DriftGate − absonly,+1.296 pp,"[+1.06, +1.53]",3,"b1_relonly_mob_s{0,1,2}; b1_absonly_mob_s{0,1,2}"
client mobility: DriftGate integrated accuracy,59.23 % (SD 0.36),,3,"b1_relonly_mob_s{0,1,2}"
stepwise composition change: DriftGate − absonly,+1.011 pp,"[+0.73, +1.29]",5,"b1_relonly_A_s{0,1,2,3,4}; b1_absonly_A_s{0,1,2,3,4}"
client mobility: DriftGate − absonly,+1.296 pp,"[+1.06, +1.53]",3,"b1_relonly_mob_s{0,1,2}; b1_absonly_mob_s{0,1,2}"
CIFAR-100 gradual: DriftGate − absonly,+1.204 pp,"[+1.07, +1.33]",3,"b1_relonly_c100gsig_s{0,1,2}; b1_absonly_c100gsig_s{0,1,2}"
CIFAR-100 gradual: DriftGate − best fixed (fixed 0.2),+0.183 pp,"[-0.13, +0.50]",3,"b1_relonly_c100gsig_s{0,1,2}; t3_c100gsig_fx20_s{0,1,2}"
late abrupt change: TV change at the shift (R51–55 − R46–50),+0.0532,,3,"rec_abrupt_s{0,1,2}"
late abrupt change: TV change over the 35 pre-shift rounds (R46–50 − R16–20),+0.0078,,3,"rec_abrupt_s{0,1,2}"
late abrupt change: H/lnC change at the shift (R51–55 − R46–50),+0.0386,,3,"rec_abrupt_s{0,1,2}"
late abrupt change: H/lnC change over the 35 pre-shift rounds (R46–50 − R16–20),-0.0998,,3,"rec_abrupt_s{0,1,2}"
"100-round stepwise variant (ρ changes at R21, R41, R61, R81): TV Spearman vs ρ / raw AUROC",+0.9071 / 0.9779,,3,"rec_*_s{0,1,2}"
"100-round stepwise variant (ρ changes at R21, R41, R61, R81): entropy Spearman vs ρ / raw AUROC",+0.4374 / 0.6431,,3,"rec_*_s{0,1,2}"
late abrupt change (ρ 0→0.8 at R51): TV Spearman vs ρ / raw AUROC,+0.8525 / 1.0000,,3,"rec_*_s{0,1,2}"
late abrupt change (ρ 0→0.8 at R51): entropy Spearman vs ρ / raw AUROC,-0.5784 / 0.1608,,3,"rec_*_s{0,1,2}"
"role experiment: TV–ρ Spearman, standard",+0.866 (SD 0.097),,3,"dvsig_tv_A_s{0,1,2}"
"role experiment: TV–ρ Spearman, same-role exits",-0.213 (SD 0.028),,3,"role_same_role_s{0,1,2}"
"role experiment: TV–ρ Spearman, same-role independent init",+0.151 (SD 0.330),,3,"role_same_role_indep_s{0,1,2}"
"role experiment: TV–ρ Spearman, weakened server",+0.019 (SD 0.412),,3,"role_weak_server_s{0,1,2}"
