setting,comparison,segment,seg_diff_pp,ci95,n_pos,n_seeds,weight,contribution_pp
A,"TV full - a1 (adaptive λ, Λ=0.5)",rho0 early,+0.4644,"[+0.17,+0.76]",5,5,0.2500,+0.1161
A,"TV full - a1 (adaptive λ, Λ=0.5)",rho0.4 up,-0.2367,"[-0.43,-0.05]",1,5,0.1875,-0.0444
A,"TV full - a1 (adaptive λ, Λ=0.5)",rho0.8,-0.0433,"[-0.26,+0.17]",2,5,0.1875,-0.0081
A,"TV full - a1 (adaptive λ, Λ=0.5)",rho0.4 down,-0.1897,"[-0.43,+0.05]",0,5,0.1875,-0.0356
A,"TV full - a1 (adaptive λ, Λ=0.5)",rho0 late,-0.5285,"[-1.21,+0.15]",2,5,0.1875,-0.0991
A,"TV full - a1 (adaptive λ, Λ=0.5)",SUM(=integrated diff),-0.0711,,,5,1.0000,-0.0711
A,TV full - entropy,rho0 early,-0.4518,"[-0.66,-0.25]",0,5,0.2500,-0.1129
A,TV full - entropy,rho0.4 up,+0.9616,"[+0.47,+1.45]",5,5,0.1875,+0.1803
A,TV full - entropy,rho0.8,+6.7087,"[+4.29,+9.13]",5,5,0.1875,+1.2579
A,TV full - entropy,rho0.4 down,+3.1553,"[+2.19,+4.12]",5,5,0.1875,+0.5916
A,TV full - entropy,rho0 late,-2.3837,"[-4.91,+0.15]",1,5,0.1875,-0.4470
A,TV full - entropy,SUM(=integrated diff),+1.4699,,,5,1.0000,+1.4699
A,TV full - server rate,rho0 early,-0.0324,"[-0.21,+0.14]",1,5,0.2500,-0.0081
A,TV full - server rate,rho0.4 up,+0.1445,"[-0.21,+0.50]",4,5,0.1875,+0.0271
A,TV full - server rate,rho0.8,-0.7972,"[-1.33,-0.26]",0,5,0.1875,-0.1495
A,TV full - server rate,rho0.4 down,-0.6104,"[-0.95,-0.27]",0,5,0.1875,-0.1145
A,TV full - server rate,rho0 late,-1.9458,"[-6.22,+2.33]",2,5,0.1875,-0.3648
A,TV full - server rate,SUM(=integrated diff),-0.6098,,,5,1.0000,-0.6098
A,TV full - fixed 0.2,rho0 early,+2.6770,"[+1.77,+3.58]",5,5,0.2500,+0.6692
A,TV full - fixed 0.2,rho0.4 up,-0.9928,"[-1.61,-0.38]",0,5,0.1875,-0.1861
A,TV full - fixed 0.2,rho0.8,-1.6022,"[-2.83,-0.37]",0,5,0.1875,-0.3004
A,TV full - fixed 0.2,rho0.4 down,-1.0292,"[-1.89,-0.17]",0,5,0.1875,-0.1930
A,TV full - fixed 0.2,rho0 late,+6.1198,"[+2.03,+10.21]",5,5,0.1875,+1.1475
A,TV full - fixed 0.2,SUM(=integrated diff),+1.1372,,,5,1.0000,+1.1372
A,TV full - fixed 0.3,rho0 early,+1.8622,"[+1.31,+2.42]",5,5,0.2500,+0.4655
A,TV full - fixed 0.3,rho0.4 up,-0.9589,"[-1.34,-0.58]",0,5,0.1875,-0.1798
A,TV full - fixed 0.3,rho0.8,-0.5213,"[-1.45,+0.41]",1,5,0.1875,-0.0977
A,TV full - fixed 0.3,rho0.4 down,-0.7841,"[-1.22,-0.35]",0,5,0.1875,-0.1470
A,TV full - fixed 0.3,rho0 late,+3.7085,"[+0.12,+7.30]",5,5,0.1875,+0.6953
A,TV full - fixed 0.3,SUM(=integrated diff),+0.7363,,,5,1.0000,+0.7363
A,TV full - fixed 0.4,rho0 early,+1.0787,"[+0.78,+1.38]",5,5,0.2500,+0.2697
A,TV full - fixed 0.4,rho0.4 up,-0.4747,"[-0.63,-0.32]",0,5,0.1875,-0.0890
A,TV full - fixed 0.4,rho0.8,+1.3512,"[+0.46,+2.24]",5,5,0.1875,+0.2533
A,TV full - fixed 0.4,rho0.4 down,+0.0205,"[-0.37,+0.41]",2,5,0.1875,+0.0038
A,TV full - fixed 0.4,rho0 late,+1.2072,"[-1.94,+4.35]",3,5,0.1875,+0.2263
A,TV full - fixed 0.4,SUM(=integrated diff),+0.6642,,,5,1.0000,+0.6642
A,TV full - fixed 0.5,rho0 early,+0.2340,"[-0.16,+0.63]",4,5,0.2500,+0.0585
A,TV full - fixed 0.5,rho0.4 up,+0.3646,"[-0.20,+0.93]",4,5,0.1875,+0.0684
A,TV full - fixed 0.5,rho0.8,+3.9589,"[+2.84,+5.07]",5,5,0.1875,+0.7423
A,TV full - fixed 0.5,rho0.4 down,+1.3979,"[+0.48,+2.32]",5,5,0.1875,+0.2621
A,TV full - fixed 0.5,rho0 late,-0.8234,"[-3.57,+1.92]",2,5,0.1875,-0.1544
A,TV full - fixed 0.5,SUM(=integrated diff),+0.9769,,,5,1.0000,+0.9769
A,TV full - B1 absonly,rho0 early,-0.0068,"[-0.05,+0.03]",2,5,0.2500,-0.0017
A,TV full - B1 absonly,rho0.4 up,+0.5515,"[+0.31,+0.79]",5,5,0.1875,+0.1034
A,TV full - B1 absonly,rho0.8,+4.7669,"[+3.39,+6.15]",5,5,0.1875,+0.8938
A,TV full - B1 absonly,rho0.4 down,+2.0596,"[+1.42,+2.70]",5,5,0.1875,+0.3862
A,TV full - B1 absonly,rho0 late,-2.4647,"[-5.32,+0.39]",1,5,0.1875,-0.4621
A,TV full - B1 absonly,SUM(=integrated diff),+0.9195,,,5,1.0000,+0.9195
A,TV full - B1 relonly,rho0 early,-0.0679,"[-0.12,-0.02]",1,5,0.2500,-0.0170
A,TV full - B1 relonly,rho0.4 up,-0.0176,"[-0.10,+0.07]",2,5,0.1875,-0.0033
A,TV full - B1 relonly,rho0.8,+0.0408,"[-0.02,+0.11]",3,5,0.1875,+0.0077
A,TV full - B1 relonly,rho0.4 down,+0.0792,"[-0.06,+0.22]",3,5,0.1875,+0.0148
A,TV full - B1 relonly,rho0 late,-0.5010,"[-1.01,+0.01]",0,5,0.1875,-0.0939
A,TV full - B1 relonly,SUM(=integrated diff),-0.0917,,,5,1.0000,-0.0917
A,TV full - B2 entnorm,rho0 early,+1.1082,"[+0.66,+1.55]",5,5,0.2500,+0.2770
A,TV full - B2 entnorm,rho0.4 up,-0.7148,"[-0.99,-0.44]",0,5,0.1875,-0.1340
A,TV full - B2 entnorm,rho0.8,-0.5586,"[-1.52,+0.40]",1,5,0.1875,-0.1047
A,TV full - B2 entnorm,rho0.4 down,-0.8716,"[-1.36,-0.38]",0,5,0.1875,-0.1634
A,TV full - B2 entnorm,rho0 late,+0.8003,"[-2.49,+4.09]",3,5,0.1875,+0.1501
A,TV full - B2 entnorm,SUM(=integrated diff),+0.0249,,,5,1.0000,+0.0249
mob,"TV full - a1 (adaptive λ, Λ=0.5)",pre-move,+0.1714,"[-0.14,+0.48]",3,3,0.5385,+0.0923
mob,"TV full - a1 (adaptive λ, Λ=0.5)",post-move,-0.0479,"[-0.20,+0.11]",1,3,0.4615,-0.0221
mob,"TV full - a1 (adaptive λ, Λ=0.5)",SUM(=integrated diff),+0.0702,,,3,1.0000,+0.0702
mob,TV full - entropy,pre-move,-1.3202,"[-1.57,-1.07]",0,3,0.5385,-0.7109
mob,TV full - entropy,post-move,+5.8617,"[+4.39,+7.34]",3,3,0.4615,+2.7054
mob,TV full - entropy,SUM(=integrated diff),+1.9945,,,3,1.0000,+1.9945
mob,TV full - server rate,pre-move,-0.3626,"[-0.90,+0.18]",0,3,0.5385,-0.1953
mob,TV full - server rate,post-move,+0.0008,"[-2.73,+2.73]",1,3,0.4615,+0.0004
mob,TV full - server rate,SUM(=integrated diff),-0.1949,,,3,1.0000,-0.1949
mob,TV full - fixed 0.2,pre-move,+4.8479,"[+2.86,+6.83]",3,3,0.5385,+2.6104
mob,TV full - fixed 0.2,post-move,-2.8788,"[-5.80,+0.05]",0,3,0.4615,-1.3287
mob,TV full - fixed 0.2,SUM(=integrated diff),+1.2817,,,3,1.0000,+1.2817
mob,TV full - fixed 0.3,pre-move,+3.2524,"[+2.17,+4.33]",3,3,0.5385,+1.7513
mob,TV full - fixed 0.3,post-move,-2.1594,"[-3.92,-0.40]",0,3,0.4615,-0.9967
mob,TV full - fixed 0.3,SUM(=integrated diff),+0.7546,,,3,1.0000,+0.7546
mob,TV full - fixed 0.4,pre-move,+1.6279,"[+1.25,+2.00]",3,3,0.5385,+0.8766
mob,TV full - fixed 0.4,post-move,-0.5361,"[-1.36,+0.29]",0,3,0.4615,-0.2474
mob,TV full - fixed 0.4,SUM(=integrated diff),+0.6291,,,3,1.0000,+0.6291
mob,TV full - fixed 0.5,pre-move,-0.0623,"[-0.38,+0.26]",1,3,0.5385,-0.0335
mob,TV full - fixed 0.5,post-move,+2.0391,"[+1.61,+2.47]",3,3,0.4615,+0.9411
mob,TV full - fixed 0.5,SUM(=integrated diff),+0.9076,,,3,1.0000,+0.9076
mob,TV full - B3 fixed 0.5,pre-move,-0.0493,"[-0.39,+0.29]",1,3,0.5385,-0.0266
mob,TV full - B3 fixed 0.5,post-move,+2.0804,"[+1.57,+2.59]",3,3,0.4615,+0.9602
mob,TV full - B3 fixed 0.5,SUM(=integrated diff),+0.9336,,,3,1.0000,+0.9336
mob,TV full - B3 fixed 0.6,pre-move,-2.1608,"[-3.09,-1.23]",0,3,0.5385,-1.1635
mob,TV full - B3 fixed 0.6,post-move,+5.2554,"[+3.87,+6.64]",3,3,0.4615,+2.4256
mob,TV full - B3 fixed 0.6,SUM(=integrated diff),+1.2621,,,3,1.0000,+1.2621
mob,TV full - B1 absonly,pre-move,-0.0833,"[-0.26,+0.09]",0,3,0.5385,-0.0448
mob,TV full - B1 absonly,post-move,+2.8588,"[+2.18,+3.54]",3,3,0.4615,+1.3195
mob,TV full - B1 absonly,SUM(=integrated diff),+1.2746,,,3,1.0000,+1.2746
mob,TV full - B1 relonly,pre-move,-0.1139,"[-0.18,-0.04]",0,3,0.5385,-0.0613
mob,TV full - B1 relonly,post-move,+0.0869,"[+0.02,+0.15]",3,3,0.4615,+0.0401
mob,TV full - B1 relonly,SUM(=integrated diff),-0.0212,,,3,1.0000,-0.0212
mob,TV full - B2 entnorm,pre-move,+2.9124,"[+1.69,+4.13]",3,3,0.5385,+1.5682
mob,TV full - B2 entnorm,post-move,-2.3947,"[-4.37,-0.42]",0,3,0.4615,-1.1052
mob,TV full - B2 entnorm,SUM(=integrated diff),+0.4630,,,3,1.0000,+0.4630
