setting,comparison,mean_pp,ci95,n_pos,n_seeds,fixed_mean_pct
CIFAR-10 gradual,TV - fixed 0.2,-0.1313,"[-1.82,+1.56]",2,3,62.8556
CIFAR-10 gradual,rate - fixed 0.2,+0.1025,"[-0.62,+0.82]",2,3,62.8556
CIFAR-10 gradual,TV - fixed 0.4,+0.5881,"[-0.50,+1.67]",3,3,62.1362
CIFAR-10 gradual,rate - fixed 0.4,+0.8219,"[+0.46,+1.19]",3,3,62.1362
CIFAR-10 gradual,TV - fixed 0.15,+0.2100,"[+nan,+nan]",1,1,62.5753
CIFAR-10 gradual,rate - fixed 0.15,+0.2936,"[+nan,+nan]",1,1,62.5753
CIFAR-100 gradual,TV - fixed 0.2,+0.1949,"[-0.15,+0.54]",3,3,35.9081
CIFAR-100 gradual,rate - fixed 0.2,-0.4976,"[-0.67,-0.32]",0,3,35.9081
CIFAR-100 gradual,TV - fixed 0.4,+1.1013,"[+1.02,+1.18]",3,3,35.0016
CIFAR-100 gradual,rate - fixed 0.4,+0.4088,"[+0.05,+0.77]",3,3,35.0016
CIFAR-100 gradual,TV - fixed 0.15,+0.0978,"[+nan,+nan]",1,1,37.5710
CIFAR-100 gradual,rate - fixed 0.15,-0.4747,"[+nan,+nan]",0,1,37.5710
CIFAR-100 spatial,TV - fixed 0.2,-0.0010,"[-0.40,+0.40]",1,3,36.4366
CIFAR-100 spatial,rate - fixed 0.2,-1.4409,"[-2.16,-0.73]",0,3,36.4366
CIFAR-100 spatial,TV - fixed 0.4,+0.7214,"[+0.68,+0.76]",3,3,35.7142
CIFAR-100 spatial,rate - fixed 0.4,-0.7185,"[-1.08,-0.36]",0,3,35.7142
Tiny-ImageNet,TV - fixed 0.2,-0.3841,"[-0.64,-0.13]",0,3,24.3149
Tiny-ImageNet,rate - fixed 0.2,-0.4580,"[-0.65,-0.27]",0,3,24.3149
Tiny-ImageNet,TV - fixed 0.4,+0.1063,"[+0.07,+0.15]",3,3,23.8245
Tiny-ImageNet,rate - fixed 0.4,+0.0325,"[+0.00,+0.06]",3,3,23.8245
