client,home_cell,plan_type,work_cell,trip,kind,depart_min,depart_hhmm,dest_cell,dest_x_km,dest_y_km,speed_mps,status,arrive_hhmm
0,0,work,4,0,commute_out,471.98,07:52,4,0.0765,0.1988,11.139,done,07:54
0,0,work,4,1,commute_back,1026.87,17:07,0,1.6867,0.4348,11.016,done,17:09
1,0,work,4,0,commute_out,452.49,07:32,4,0.2568,0.3368,13.753,done,07:34
1,0,work,4,1,lunch_out,743.78,12:24,2,-2.1166,-0.3283,8.348,done,12:29
1,0,work,4,2,lunch_back,763.70,12:44,4,0.2568,0.3368,8.651,done,12:48
1,0,work,4,3,commute_back,1071.71,17:52,0,1.7176,-0.1824,14.124,done,17:54
2,0,work,4,0,commute_out,462.29,07:42,4,-0.6045,-0.5933,12.629,done,07:45
2,0,work,4,1,commute_back,1160.58,19:21,0,1.3544,-0.1290,9.442,done,19:24
3,0,stay,,,,,,,,,,,
4,0,work,4,0,commute_out,499.24,08:19,4,0.3479,0.1966,10.957,done,08:22
4,0,work,4,1,commute_back,1095.02,18:15,0,1.8647,0.3718,14.361,done,18:17
5,0,work,4,0,commute_out,467.73,07:48,4,-0.4486,-0.1962,12.574,done,07:51
5,0,work,4,1,commute_back,1076.82,17:57,0,1.6580,-0.0023,11.640,done,18:00
6,0,work,4,0,commute_out,512.39,08:32,4,-0.3406,0.1930,12.847,done,08:35
6,0,work,4,1,commute_back,1070.01,17:50,0,1.8655,0.2080,9.888,done,17:54
7,0,work,4,0,commute_out,476.33,07:56,4,-0.1894,-0.7523,9.695,done,08:00
7,0,work,4,1,commute_back,979.52,16:20,0,1.8438,-0.2213,11.273,done,16:23
8,0,stay,,0,errand_out,610.15,10:10,4,0.1500,0.1201,9.202,done,10:13
8,0,stay,,1,errand_back,722.13,12:02,0,1.8061,-0.2370,8.186,done,12:06
9,0,work,4,0,commute_out,468.73,07:49,4,0.0988,0.2820,9.280,done,07:52
9,0,work,4,1,commute_back,1013.05,16:53,0,2.0219,-0.1839,11.353,done,16:56
10,1,work,4,0,commute_out,488.98,08:09,4,-0.0699,0.4048,9.567,done,08:11
10,1,work,4,1,commute_back,1064.46,17:44,1,0.0166,1.6981,8.243,done,17:47
11,1,work,2,0,commute_out,484.36,08:04,2,-2.3060,-0.7466,13.841,done,08:08
11,1,work,2,1,commute_back,1082.28,18:02,1,0.2278,1.5307,9.116,done,18:09
12,1,work,0,0,commute_out,503.21,08:23,0,1.8087,-0.0254,11.499,done,08:27
12,1,work,0,1,lunch_out,706.72,11:47,3,-0.1754,-1.9908,13.087,done,11:50
12,1,work,0,2,lunch_back,757.73,12:38,0,1.8087,-0.0254,12.647,done,12:41
12,1,work,0,3,commute_back,1038.04,17:18,1,0.0871,1.6655,10.600,done,17:22
13,1,stay,,0,errand_out,737.18,12:17,2,-1.0759,0.2846,12.143,done,12:20
13,1,stay,,1,errand_back,985.69,16:26,1,0.0071,2.1269,9.057,done,16:30
14,1,stay,,,,,,,,,,,
15,1,work,4,0,commute_out,495.82,08:16,4,0.5253,-0.3089,8.557,done,08:20
15,1,work,4,1,commute_back,992.11,16:32,1,0.1572,1.6671,9.914,done,16:35
16,1,stay,,,,,,,,,,,
17,1,work,4,0,commute_out,474.89,07:55,4,-0.0266,-0.2688,13.355,done,07:57
17,1,work,4,1,lunch_out,718.07,11:58,1,-0.3840,1.0676,8.298,done,12:01
17,1,work,4,2,lunch_back,793.36,13:13,4,-0.0266,-0.2688,12.654,done,13:15
17,1,work,4,3,commute_back,1045.46,17:25,1,0.1085,1.4032,9.970,done,17:28
18,1,work,4,0,commute_out,504.17,08:24,4,-0.3355,0.7054,12.666,done,08:26
18,1,work,4,1,commute_back,1126.39,18:46,1,0.4732,1.4777,14.694,done,18:48
19,1,work,4,0,commute_out,503.75,08:24,4,-0.3611,0.4001,14.055,done,08:25
19,1,work,4,1,commute_back,1056.85,17:37,1,-0.5159,1.7296,9.609,done,17:39
20,2,work,4,0,commute_out,487.94,08:08,4,0.0027,-0.3994,13.308,done,08:10
20,2,work,4,1,lunch_out,719.23,11:59,1,-0.0593,1.2628,11.140,done,12:02
20,2,work,4,2,lunch_back,873.76,14:34,4,0.0027,-0.3994,10.501,done,14:36
20,2,work,4,3,commute_back,1012.60,16:53,2,-1.5475,0.5235,12.785,done,16:55
21,2,work,4,0,commute_out,420.31,07:00,4,-0.1736,0.0088,9.522,done,07:03
21,2,work,4,1,commute_back,1062.01,17:42,2,-1.7038,0.3409,8.622,done,17:45
22,2,work,4,0,commute_out,475.08,07:55,4,0.2955,0.0832,11.617,done,07:58
22,2,work,4,1,commute_back,1094.87,18:15,2,-1.5731,0.1365,13.838,done,18:17
23,2,stay,,0,errand_out,798.70,13:19,4,0.5706,-0.1992,14.235,done,13:21
23,2,stay,,1,errand_back,981.88,16:22,2,-1.3846,0.2726,14.511,done,16:24
24,2,work,4,0,commute_out,480.77,08:01,4,0.1956,0.1217,9.238,done,08:04
24,2,work,4,1,commute_back,1027.33,17:07,2,-1.7003,-0.3729,13.408,done,17:10
25,2,work,4,0,commute_out,464.66,07:45,4,-0.2666,1.3008,11.819,done,07:47
25,2,work,4,1,commute_back,993.66,16:34,2,-1.7542,0.1761,12.949,done,16:36
26,2,work,4,0,commute_out,426.31,07:06,4,-0.1688,0.1104,8.853,done,07:09
26,2,work,4,1,lunch_out,758.42,12:38,3,0.7287,-1.6566,10.989,done,12:41
26,2,work,4,2,lunch_back,776.42,12:56,4,-0.1688,0.1104,12.152,done,12:59
26,2,work,4,3,commute_back,1110.64,18:31,2,-1.3800,-0.3798,8.535,done,18:33
27,2,stay,,,,,,,,,,,
28,2,work,4,0,commute_out,478.14,07:58,4,0.4431,-0.2096,9.843,done,08:02
28,2,work,4,1,commute_back,1106.11,18:26,2,-1.7694,-0.4222,9.631,done,18:30
29,2,work,4,0,commute_out,503.86,08:24,4,-0.2730,-0.1278,8.063,done,08:27
29,2,work,4,1,lunch_out,769.12,12:49,0,1.6091,0.3810,14.040,done,12:51
29,2,work,4,2,lunch_back,786.43,13:06,4,-0.2730,-0.1278,14.372,done,13:09
29,2,work,4,3,commute_back,1008.99,16:49,2,-1.6961,0.8506,14.070,done,16:51
30,3,work,4,0,commute_out,461.89,07:42,4,-0.2698,0.1514,12.606,done,07:44
30,3,work,4,1,commute_back,1072.19,17:52,3,0.0567,-1.5926,8.791,done,17:56
31,3,work,4,0,commute_out,481.82,08:02,4,-0.2701,-0.2261,11.196,done,08:04
31,3,work,4,1,lunch_out,769.28,12:49,1,0.2459,1.4645,10.893,done,12:52
31,3,work,4,2,lunch_back,931.52,15:32,4,-0.2701,-0.2261,8.805,done,15:35
31,3,work,4,3,commute_back,1053.80,17:34,3,0.1330,-1.6519,10.031,done,17:36
32,3,work,2,0,commute_out,464.76,07:45,2,-1.9265,0.0455,10.819,done,07:48
32,3,work,2,1,commute_back,1051.16,17:31,3,-0.2650,-1.2406,8.062,done,17:36
33,3,work,4,0,commute_out,452.96,07:33,4,-0.0674,0.0104,11.745,done,07:35
33,3,work,4,1,lunch_out,729.90,12:10,0,1.1886,0.3285,10.470,done,12:12
33,3,work,4,2,lunch_back,786.69,13:07,4,-0.0674,0.0104,11.473,done,13:09
33,3,work,4,3,commute_back,1067.95,17:48,3,0.0246,-1.2994,10.295,done,17:50
34,3,work,4,0,commute_out,448.02,07:28,4,-0.2888,-0.0756,10.784,done,07:31
34,3,work,4,1,commute_back,1056.48,17:36,3,-0.2420,-1.7609,10.098,done,17:39
35,3,work,4,0,commute_out,514.20,08:34,4,-0.1073,-0.0575,8.592,done,08:38
35,3,work,4,1,commute_back,1101.24,18:21,3,0.3957,-2.0410,14.858,done,18:24
36,3,work,4,0,commute_out,494.73,08:15,4,0.1407,0.2437,14.561,done,08:16
36,3,work,4,1,lunch_out,737.86,12:18,2,-1.5446,0.5949,12.067,done,12:20
36,3,work,4,2,lunch_back,764.95,12:45,4,0.1407,0.2437,11.100,done,12:48
36,3,work,4,3,commute_back,1049.73,17:30,3,-0.3604,-1.2197,10.780,done,17:32
37,3,work,4,0,commute_out,476.68,07:57,4,-0.1083,0.1139,10.495,done,08:00
37,3,work,4,1,lunch_out,735.60,12:16,1,-0.1124,1.1772,12.969,done,12:17
37,3,work,4,2,lunch_back,751.96,12:32,4,-0.1083,0.1139,12.390,done,12:33
37,3,work,4,3,commute_back,1054.24,17:34,3,-0.0208,-1.9629,13.650,done,17:37
38,3,work,4,0,commute_out,445.98,07:26,4,-0.3927,0.0213,11.930,done,07:28
38,3,work,4,1,lunch_out,740.78,12:21,3,0.4727,-1.2793,13.445,done,12:23
38,3,work,4,2,lunch_back,771.66,12:52,4,-0.3927,0.0213,12.194,done,12:54
38,3,work,4,3,commute_back,1074.35,17:54,3,-0.8244,-1.5380,9.773,done,17:57
39,3,work,1,0,commute_out,431.24,07:11,1,0.1780,1.7909,13.634,done,07:16
39,3,work,1,1,commute_back,1025.81,17:06,3,-0.1790,-1.9960,14.948,done,17:10
40,4,stay,,0,errand_out,726.70,12:07,3,0.7206,-1.0494,9.017,done,12:09
40,4,stay,,1,errand_back,752.48,12:32,4,0.4104,0.3547,14.357,done,12:34
41,4,stay,,,,,,,,,,,
42,4,stay,,,,,,,,,,,
43,4,stay,,,,,,,,,,,
44,4,stay,,0,errand_out,933.10,15:33,3,0.4392,-1.6669,9.356,done,15:36
44,4,stay,,1,errand_back,956.29,15:56,4,0.0044,0.0712,11.222,done,15:59
45,4,stay,,,,,,,,,,,
46,4,stay,,,,,,,,,,,
47,4,stay,,,,,,,,,,,
48,4,stay,,,,,,,,,,,
49,4,work,3,0,commute_out,471.55,07:52,3,-0.1302,-1.9251,8.408,done,07:56
49,4,work,3,1,commute_back,1009.36,16:49,4,-0.1636,0.3679,9.648,done,16:53
