policy,arm,G_mean_pp,ci95,n_pos,n,"per_seed_pp(5,6,7)"
B,T15,-0.8673,"[-2.60, +0.87]",0,3,-0.56 -1.67 -0.37
B,T40,-0.0108,"[-0.06, +0.04]",0,3,+0.00 -0.03 +0.00
B,T60,-0.6706,"[-1.48, +0.14]",0,3,-0.59 -0.39 -1.03
C1,T15,+3.6274,"[+3.58, +3.68]",3,3,+3.61 +3.62 +3.65
C1,T40,+2.8721,"[+1.99, +3.75]",3,3,+2.82 +3.25 +2.54
C1,T60,+1.2326,"[+0.07, +2.40]",3,3,+1.37 +1.62 +0.71
C2,T15,+2.2525,"[+1.08, +3.43]",3,3,+2.29 +1.76 +2.71
C2,T40,+1.7843,"[+1.35, +2.22]",3,3,+1.71 +1.98 +1.66
C2,T60,+0.0789,"[-1.10, +1.26]",2,3,+0.44 +0.26 -0.46
P1,T15,+3.1325,"[+3.07, +3.19]",3,3,+3.13 +3.16 +3.11
P1,T40,+1.9307,"[+0.94, +2.92]",3,3,+1.96 +2.31 +1.52
P2,T15,+1.8122,"[+0.79, +2.84]",3,3,+1.90 +1.36 +2.18
P2,T40,+1.1588,"[+0.51, +1.81]",3,3,+1.15 +1.43 +0.90
P3,T15,+0.5785,"[-0.62, +1.78]",3,3,+0.15 +0.49 +1.10
P3,T40,+1.0762,"[+0.41, +1.74]",3,3,+0.91 +1.38 +0.93
Q1,T15,+0.8353,"[-0.48, +2.15]",3,3,+1.00 +0.24 +1.26
Q1,T40,+2.5208,"[+2.02, +3.02]",3,3,+2.36 +2.75 +2.45
Q1,T60,+1.1381,"[+0.15, +2.13]",3,3,+1.22 +1.49 +0.70
Q2,T15,+0.4625,"[-0.83, +1.75]",2,3,+0.54 -0.09 +0.94
Q2,T40,+1.6803,"[+1.39, +1.97]",3,3,+1.56 +1.70 +1.79
Q2,T60,+0.0410,"[-0.99, +1.07]",2,3,+0.36 +0.19 -0.43
Q3,T15,+0.2449,"[-1.91, +2.40]",1,3,-0.43 -0.07 +1.23
Q3,T40,+1.6308,"[-0.09, +3.36]",3,3,+0.84 +1.91 +2.14
Q3,T60,-0.2030,"[-1.01, +0.61]",1,3,-0.07 +0.04 -0.57
