server_use,B* acc_pct,single tau T15 acc_pct,upper bound T15 acc_pct,single tau T40 acc_pct,upper bound T40 acc_pct,single tau T60 acc_pct,upper bound T60 acc_pct,P1 T15 acc_pct,P1 T40 acc_pct,P2 T15 acc_pct,P2 T40 acc_pct,P3 T15 acc_pct,P3 T40 acc_pct,Q1 T15 acc_pct,Q1 T40 acc_pct,Q1 T60 acc_pct,Q2 T15 acc_pct,Q2 T40 acc_pct,Q2 T60 acc_pct,Q3 T15 acc_pct,Q3 T40 acc_pct,Q3 T60 acc_pct,C1 T15 acc_pct,C1 T40 acc_pct,C1 T60 acc_pct,C2 T15 acc_pct,C2 T40 acc_pct,C2 T60 acc_pct
0.0,63.6692,61.9472,61.9472,63.6692,63.6692,61.4813,61.4813,64.7424,62.9709,63.5665,62.8489,61.7421,62.8920,61.9472,63.6692,61.4813,61.9472,63.6692,61.4813,61.9472,63.6692,61.4813,64.7424,62.9709,61.2336,63.5665,62.8489,61.2167
0.01,63.5370,61.6816,63.3010,63.5370,65.0231,61.5038,62.8352,64.7868,63.1011,63.6030,62.9746,61.7795,63.0055,61.9908,63.8131,61.6874,61.9821,63.8129,61.6849,61.9710,63.7996,61.6873,64.7986,63.1182,61.4406,63.6210,62.9988,61.4214
0.02,63.4482,61.4821,64.6526,63.4482,66.3744,61.5611,64.1865,64.8389,63.2153,63.6401,63.0827,61.8082,63.1043,62.0425,63.9443,61.8824,62.0192,63.9343,61.8741,61.9951,63.9057,61.8725,64.8498,63.2493,61.6357,63.6569,63.1223,61.6109
0.03,63.3919,61.3247,65.9545,63.3919,67.6320,61.6321,65.4170,64.8867,63.3210,63.6729,63.1813,61.8403,63.1908,62.0951,64.0627,62.0714,62.0560,64.0446,62.0474,62.0180,63.9887,62.0290,64.9013,63.3678,61.8247,63.6936,63.2327,61.7843
0.04,63.3348,61.2269,66.8232,63.3348,68.5293,61.7027,66.3351,64.9344,63.4249,63.7055,63.2737,61.8736,63.2713,62.1476,64.1767,62.2508,62.0924,64.1387,62.2034,62.0403,64.0705,62.1637,64.9539,63.4818,62.0042,63.7304,63.3268,61.9403
0.05,63.2807,61.1316,67.5725,63.2807,69.2787,61.7775,67.0843,64.9817,63.5195,63.7370,63.3559,61.9074,63.3487,62.1995,64.2786,62.4210,62.1259,64.2284,62.3394,62.0598,64.1443,62.2797,65.0061,63.5838,62.1744,63.7652,63.4173,62.0771
0.06,63.2406,61.0408,68.3212,63.2406,70.0278,61.8510,67.8333,65.0273,63.6096,63.7656,63.4344,61.9410,63.4167,62.2472,64.3810,62.5796,62.1537,64.3128,62.4620,62.0785,64.2166,62.3840,65.0539,63.6862,62.3330,63.7931,63.5018,62.2003
0.07,63.2007,60.9616,69.0697,63.2007,70.7764,61.9147,68.5819,65.0706,63.6976,63.7970,63.5078,61.9781,63.4839,62.2934,64.4806,62.7279,62.1881,64.3952,62.5718,62.1036,64.2865,62.4772,65.0989,63.7858,62.4814,63.8266,63.5841,62.3104
0.08,63.1571,60.8932,69.8181,63.1571,71.5250,61.9753,69.3304,65.1189,63.7810,63.8295,63.5782,62.0161,63.5512,62.3458,64.5756,62.8683,62.2229,64.4720,62.6722,62.1269,64.3543,62.5647,65.1513,63.8808,62.6218,63.8614,63.6619,62.4113
0.09,63.1155,60.8459,70.5664,63.1155,72.2733,62.0307,70.0787,65.1672,63.8630,63.8620,63.6419,62.0543,63.6082,62.3982,64.6705,62.9998,62.2577,64.5448,62.7639,62.1507,64.4156,62.6433,65.2037,63.9758,62.7534,63.8961,63.7349,62.5031
0.1,63.0761,60.8160,71.2458,63.0761,73.0216,62.0825,70.8270,65.2155,63.9409,63.8952,63.7021,62.0931,63.6606,62.4506,64.7639,63.1256,62.2909,64.6173,62.8479,62.1774,64.4749,62.7150,65.2561,64.0692,62.8792,63.9287,63.8074,62.5873
0.11,63.0451,60.7862,71.7480,63.0451,73.7699,62.1276,71.5752,65.2644,64.0162,63.9281,63.7597,62.1316,63.7120,62.5023,64.8558,63.2442,62.3242,64.6870,62.9267,62.2054,64.5342,62.7827,65.3074,64.1610,62.9978,63.9615,63.8793,62.6661
0.12,63.0163,60.7563,72.2284,63.0163,74.5182,62.1661,72.2550,65.3135,64.0877,63.9609,63.8142,62.1701,63.7621,62.5541,64.9476,63.3568,62.3576,64.7505,62.9987,62.2334,64.5885,62.8421,65.3592,64.2529,63.1105,63.9948,63.9430,62.7384
0.13,62.9887,60.7284,72.4747,62.9887,75.2664,62.2046,72.4105,65.3627,64.1592,63.9949,63.8618,62.2086,63.8059,62.6063,65.0389,63.4668,62.3966,64.8138,63.0646,62.2665,64.6385,62.8978,65.4112,64.3444,63.2204,64.0337,64.0063,62.8050
0.14,62.9612,60.7016,72.4988,62.9612,75.6152,62.2391,72.4105,65.4122,64.2278,64.0305,63.9083,62.2486,63.8454,62.6626,65.1261,63.5696,62.4356,64.8771,63.1255,62.3002,64.6851,62.9468,65.4675,64.4315,63.3233,64.0727,64.0696,62.8663
0.15,62.9357,60.6747,72.4988,62.9357,75.6152,62.2665,72.4105,65.4620,64.2912,64.0662,63.9545,62.2886,63.8839,62.7188,65.2135,63.6719,62.4739,64.9358,63.1827,62.3342,64.7298,62.9898,65.5238,64.5189,63.4256,64.1111,64.1304,62.9241
0.16,62.9114,60.6489,72.4988,62.9114,75.6152,62.2935,72.4105,65.5118,64.3536,64.1014,64.0008,62.3289,63.9213,62.7751,65.3009,63.7650,62.5111,64.9922,63.2376,62.3697,64.7731,63.0318,65.5800,64.6063,63.5188,64.1490,64.1867,62.9790
0.17,62.8890,60.6348,72.4988,62.8890,75.6152,62.3203,72.4105,65.5616,64.4160,64.1363,64.0422,62.3707,63.9587,62.8310,65.3882,63.8572,62.5502,65.0480,63.2877,62.4060,64.8164,63.0737,65.6359,64.6936,63.6109,64.1868,64.2427,63.0299
0.18,62.8696,60.6207,72.4988,62.8696,75.6152,62.3409,72.4105,65.6118,64.4784,64.1731,64.0810,62.4124,63.9921,62.8886,65.4731,63.9430,62.5909,65.0991,63.3320,62.4424,64.8587,63.1100,65.6926,64.7788,63.6968,64.2273,64.2948,63.0758
0.19,62.8506,60.6127,72.4988,62.8506,75.6152,62.3585,72.4105,65.6641,64.5375,64.2098,64.1183,62.4541,64.0221,62.9482,65.5580,64.0274,62.6320,65.1446,63.3712,62.4800,64.8994,63.1394,65.7523,64.8637,63.7812,64.2685,64.3420,63.1150
0.2,62.8317,60.6072,72.4988,62.8317,75.6152,62.3762,72.4105,65.7163,64.5931,64.2463,64.1556,62.4958,64.0498,63.0086,65.6429,64.1085,62.6736,65.1884,63.4060,62.5195,64.9381,63.1643,65.8126,64.9486,63.8623,64.3098,64.3858,63.1500
0.21,62.8124,60.6025,72.4988,62.8124,75.6152,62.3933,72.4105,65.7677,64.6480,64.2824,64.1883,62.5394,64.0765,63.0690,65.7239,64.1876,62.7168,65.2314,63.4356,62.5599,64.9739,63.1860,65.8730,65.0298,63.9414,64.3519,64.4288,63.1797
0.22,62.7926,60.5994,72.4988,62.7926,75.6152,62.4053,72.4105,65.8184,64.7028,64.3182,64.2171,62.5834,64.1035,63.1303,65.8012,64.2603,62.7600,65.2724,63.4579,62.6009,65.0078,63.2032,65.9343,65.1073,64.0142,64.3951,64.4710,63.2019
0.23,62.7728,60.5963,72.4988,62.7728,75.6152,62.4149,72.4105,65.8687,64.7566,64.3535,64.2424,62.6273,64.1279,63.1924,65.8786,64.3296,62.8032,65.3096,63.4768,62.6426,65.0390,63.2152,65.9964,65.1846,64.0835,64.4382,64.5085,63.2213
0.24,62.7510,60.5932,72.4988,62.7510,75.6152,62.4244,72.4105,65.9183,64.8045,64.3887,64.2661,62.6715,64.1524,63.2545,65.9563,64.3959,62.8476,65.3461,63.4917,62.6834,65.0684,63.2225,66.0585,65.2624,64.1498,64.4821,64.5450,63.2365
0.25,62.7290,60.5901,72.4988,62.7290,75.6152,62.4320,72.4105,65.9679,64.8473,64.4239,64.2887,62.7167,64.1761,63.3177,66.0326,64.4592,62.8931,65.3798,63.5011,62.7254,65.0955,63.2278,66.1212,65.3389,64.2131,64.5275,64.5802,63.2471
0.26,62.7071,60.5881,72.4988,62.7071,75.6152,62.4348,72.4105,66.0170,64.8901,64.4591,64.3089,62.7620,64.1952,63.3810,66.1076,64.5184,62.9392,65.4106,63.5062,62.7673,65.1223,63.2314,66.1845,65.4139,64.2724,64.5737,64.6110,63.2607
0.27,62.6851,60.5937,72.4988,62.6851,75.6152,62.4357,72.4105,66.0661,64.9323,64.4941,64.3288,62.8073,64.2137,63.4456,66.1812,64.5731,62.9854,65.4413,63.5068,62.8075,65.1485,63.2324,66.2490,65.4874,64.3271,64.6198,64.6418,63.2693
0.28,62.6637,60.5993,72.4988,62.6637,75.6152,62.4365,72.4105,66.1132,64.9726,64.5285,64.3459,62.8522,64.2305,63.5114,66.2539,64.6240,63.0315,65.4685,63.5035,62.8101,65.1721,63.2312,66.3148,65.5605,64.3780,64.6659,64.6697,63.2752
0.29,62.6422,60.6064,72.4988,62.6422,75.6152,62.4346,72.4105,66.1608,65.0091,64.5626,64.3608,62.8965,64.2462,63.5772,66.3234,64.6705,63.0776,65.4955,63.5007,62.7767,65.1948,63.2285,66.3806,65.6300,64.4245,64.7120,64.6968,63.2803
0.3,62.6210,60.6188,72.4988,62.6210,75.6152,62.4301,72.4105,66.2087,65.0441,64.5967,64.3745,62.9404,64.2595,63.6430,66.3925,64.7153,63.1235,65.5192,63.5003,62.7813,65.2175,63.2242,66.4464,65.6991,64.4693,64.7577,64.7207,63.2860
0.31,62.6076,60.6326,72.4988,62.6023,75.6152,62.4247,72.4105,66.2566,65.0772,64.6309,64.3878,62.9838,64.2709,63.7066,66.4607,64.7566,63.1689,65.5417,63.4975,62.7858,65.2400,63.2202,66.5101,65.7675,64.5107,64.8030,64.7451,63.2942
0.32,62.5948,60.6465,72.4988,62.5836,75.6152,62.4187,72.4105,66.3036,65.1099,64.6632,64.3976,63.0263,64.2816,63.7704,66.5258,64.7963,63.2142,65.5640,63.4960,62.7900,65.2632,63.2146,66.5738,65.8327,64.5503,64.8483,64.7688,63.3005
0.33,62.5812,60.6604,72.4988,62.5649,75.6152,62.4116,72.4105,66.3477,65.1401,64.6956,64.4052,63.0687,64.2897,63.8341,66.5884,64.8323,63.2596,65.5846,63.4934,62.8014,65.2885,63.2088,66.6375,65.8953,64.5863,64.8936,64.7911,63.3045
0.34,62.5683,60.6742,72.4988,62.5450,75.6152,62.4028,72.4105,66.3875,65.1672,64.7244,64.4120,63.1099,64.2975,63.8978,66.6480,64.8656,63.3052,65.6040,63.4924,62.8228,65.3138,63.2013,66.7012,65.9551,64.6198,64.9393,64.8125,63.3091
0.35,62.5596,60.6881,72.4988,62.5254,75.6152,62.3939,72.4105,66.4262,65.1913,64.7528,64.4184,63.1498,64.3049,63.9595,66.7060,64.8964,63.3491,65.6235,63.4918,62.8436,65.3384,63.1944,66.7630,66.0130,64.6506,64.9833,64.8330,63.3125
0.36,62.5491,60.7023,72.4988,62.5058,75.6152,62.3832,72.4105,66.4650,65.2154,64.7813,64.4214,63.1882,64.3087,64.0199,66.7640,64.9246,63.3907,65.6437,63.4907,62.8636,65.3637,63.1882,66.8234,66.0711,64.6789,65.0250,64.8547,63.3137
0.37,62.5370,60.7189,72.4988,62.4868,75.6152,62.3701,72.4105,66.5037,65.2365,64.8098,64.4240,63.2234,64.3089,64.0788,66.8184,64.9513,63.4321,65.6642,63.4903,62.8835,65.3885,63.1829,66.8827,66.1257,64.7056,65.0664,64.8763,63.3152
0.38,62.5225,60.7355,72.4988,62.4678,75.6152,62.3540,72.4105,66.5415,65.2544,64.8367,64.4265,63.2538,64.3090,64.1377,66.8715,64.9765,63.4737,65.6846,63.4907,62.9018,65.4126,63.1799,66.9416,66.1787,64.7308,65.1080,64.8982,63.3146
0.39,62.5061,60.7537,72.4988,62.4489,75.6152,62.3360,72.4105,66.5729,65.2719,64.8623,64.4260,63.2835,64.3086,64.1939,66.9227,65.0002,63.5139,65.7062,63.4910,62.9230,65.4362,63.1832,66.9982,66.2301,64.7545,65.1483,64.9200,63.3117
0.4,62.4889,60.7765,72.4988,62.4325,75.6152,62.3171,72.4105,66.5996,65.2893,64.8827,64.4217,63.3124,64.3057,64.2500,66.9722,65.0233,63.5528,65.7287,63.4918,62.9440,65.4588,63.1759,67.0543,66.2796,64.7777,65.1871,64.9414,63.3101
0.41,62.4714,60.7994,72.4988,62.4169,75.6152,62.2978,72.4105,66.6264,65.3014,64.9027,64.4165,63.3396,64.3025,64.3055,67.0199,65.0453,63.5923,65.7524,63.4927,62.9649,65.4805,63.1315,67.1099,66.3274,64.7996,65.2264,64.9616,63.3106
0.42,62.4534,60.8223,72.4988,62.4018,75.6152,62.2773,72.4105,66.6524,65.3078,64.9218,64.4113,63.3667,64.2992,64.3587,67.0654,65.0667,63.6320,65.7754,63.4933,62.9851,65.4685,63.1224,67.1636,66.3729,64.8211,65.2662,64.9816,63.3097
0.43,62.4367,60.8452,72.4988,62.3879,75.6152,62.2559,72.4105,66.6768,65.3141,64.9404,64.4041,63.3897,64.2941,64.4112,67.1090,65.0866,63.6699,65.7977,63.4950,63.0024,65.4532,63.1252,67.2161,66.4166,64.8410,65.3044,65.0006,63.3087
0.44,62.4225,60.8681,72.4988,62.3739,75.6152,62.2330,72.4105,66.6973,65.3194,64.9577,64.3948,63.4087,64.2875,64.4625,67.1518,65.1053,63.7070,65.8227,63.4975,63.0198,65.4434,63.1257,67.2680,66.4594,64.8598,65.3415,65.0219,63.3074
0.45,62.4087,60.8910,72.4988,62.3610,75.6152,62.2085,72.4105,66.7144,65.3198,64.9730,64.3853,63.4272,64.2800,64.5116,67.1932,65.1239,63.7434,65.8452,63.4989,63.0413,65.4311,63.1211,67.3171,66.5008,64.8783,65.3783,65.0446,63.3054
0.46,62.3937,60.9150,72.4988,62.3482,75.6152,62.1829,72.4105,66.7298,65.3189,64.9864,64.3736,63.4442,64.2690,64.5592,67.2326,65.1411,63.7767,65.8663,63.4470,63.0622,65.4185,63.1134,67.3650,66.5404,64.8956,65.4120,65.0657,63.2751
0.47,62.3790,60.9400,72.4988,62.3355,75.6152,62.1556,72.4105,66.7447,65.3177,64.9998,64.3614,63.4603,64.2581,64.6036,67.2671,65.1575,63.8094,65.8863,63.4206,63.0813,65.4034,63.0992,67.4095,66.5750,64.9120,65.4446,65.0858,63.2603
0.48,62.3643,60.9657,72.4988,62.3236,75.6152,62.1261,72.4105,66.7597,65.3120,65.0131,64.3484,63.4765,64.2454,64.6452,67.2997,65.1729,63.8408,65.9049,63.4102,63.1020,65.3859,63.0767,67.4519,66.6078,64.9274,65.4763,65.1044,63.2604
0.49,62.3498,60.9935,72.4988,62.3132,75.6152,62.0954,72.4105,66.7645,65.3046,65.0241,64.3329,63.4877,64.2298,64.6844,67.3291,65.1867,63.8708,65.9215,63.3853,63.1315,65.3684,63.0397,67.4913,66.6373,64.9412,65.5064,65.1231,63.2520
0.5,62.3364,61.0215,72.4988,62.3041,75.6152,62.0650,72.4105,66.7679,65.2967,65.0296,64.3174,63.4968,64.2142,64.7206,67.3563,65.1980,63.8988,65.9363,63.3617,63.1598,65.3514,63.0008,67.5281,66.6646,64.9527,65.5356,65.1396,63.2445
0.51,62.3229,61.0495,72.4988,62.2951,75.6152,62.0349,72.4105,66.7713,65.2860,65.0340,64.3010,63.5046,64.1968,64.7511,67.3803,65.2080,63.9253,65.9487,63.3433,63.1881,65.3347,62.9657,67.5593,66.6887,64.9626,65.5629,65.1545,63.2391
0.52,62.3104,61.0775,72.4988,62.2874,75.6152,62.0046,72.4105,66.7709,65.2732,65.0370,64.2809,63.5106,64.1762,64.7782,67.4004,65.2164,63.9495,65.9596,63.3200,63.2159,65.3166,62.9252,67.5871,66.7090,64.9711,65.5886,65.1673,63.2342
0.53,62.2994,61.1056,72.4988,62.2817,75.6152,61.9746,72.4105,66.7641,65.2580,65.0368,64.2607,63.5166,64.1555,64.8019,67.4185,65.2229,63.9717,65.9187,63.2940,63.2437,65.2985,62.8845,67.6110,66.7273,64.9776,65.6130,65.1786,63.2271
0.54,62.2881,61.1334,72.4988,62.2781,75.6152,61.9435,72.4105,66.7566,65.2383,65.0348,64.2389,63.5169,64.1332,64.8221,67.4333,65.2277,63.9912,65.8688,63.2644,63.2717,65.2821,62.8414,67.6320,66.7425,64.9824,65.6342,65.1872,63.2195
0.55,62.2755,61.1617,72.4988,62.2744,75.6152,61.9112,72.4105,66.7445,65.2158,65.0289,64.2155,63.5146,64.1094,64.8403,67.4457,65.2312,64.0067,65.8198,63.2290,63.2959,65.2645,62.7984,67.6505,66.7553,64.9860,65.6514,65.1953,63.2112
0.56,62.2707,61.1899,72.4988,62.2707,75.6152,61.8790,72.4105,66.7298,65.1901,65.0212,64.1911,63.5110,64.0851,64.8568,67.4564,65.2339,64.0211,65.7698,63.1926,63.3187,65.2451,62.7546,67.6673,66.7660,64.9887,65.6662,65.2019,63.2017
0.57,62.2670,61.2184,72.4988,62.2670,75.6152,61.8474,72.4105,66.7064,65.1624,65.0127,64.1622,63.5067,64.0590,64.6875,67.2778,65.1272,64.0348,65.7009,63.1531,63.3395,65.2237,62.7084,67.6495,66.7245,64.9131,65.6804,65.2078,63.1909
0.58,62.2640,61.2468,72.4988,62.2640,75.6152,61.8162,72.4105,66.6815,65.1313,64.9970,64.1320,63.5004,64.0322,64.5242,67.0914,65.0454,63.9560,65.5402,63.1108,63.3585,65.2007,62.6599,67.6129,66.6747,64.8583,65.6931,65.1785,63.1752
0.59,62.2610,61.2752,72.4988,62.2610,75.6152,61.7865,72.4105,66.6531,65.0975,64.9797,64.1005,63.4865,64.0018,64.3734,66.9177,64.9825,63.9113,65.3625,63.0664,63.3748,65.1762,62.6074,67.5734,66.6390,64.8284,65.7036,65.1555,63.1582
0.6,62.2594,61.3037,72.4988,62.2594,75.6152,61.7582,72.4105,66.6159,65.0589,64.9601,64.0662,63.4717,63.9676,64.2484,66.7492,64.9136,63.8699,65.1713,63.0180,63.3892,65.1509,62.5549,67.5387,66.6025,64.7960,65.7071,65.1253,63.1369
0.61,62.2610,61.3308,72.4988,62.2610,75.6152,61.7300,72.4105,66.5776,65.0168,64.9360,64.0316,63.4548,63.9296,64.1402,66.5831,64.8393,63.8272,64.9941,62.9659,63.4011,65.1250,62.5030,67.4993,66.5621,64.7570,65.7098,65.0860,63.1119
0.62,62.2629,61.3571,72.4988,62.2629,75.6152,61.7037,72.4105,66.5364,64.9735,64.9085,63.9923,63.4374,63.8903,64.0330,66.4298,64.7622,63.7959,64.8254,62.9101,63.4117,65.0977,62.4506,67.4564,66.5183,64.7154,65.7154,65.0429,63.0828
0.63,62.2652,61.3837,72.4988,62.2652,75.6152,61.6780,72.4105,66.4902,64.9256,64.8787,63.9524,63.4143,63.8498,63.8943,66.2467,64.6644,63.6673,64.6617,62.8514,63.4202,65.0728,62.3949,67.4116,66.4715,64.6652,65.7039,64.9924,63.0472
0.64,62.2687,61.4110,72.4988,62.2687,75.6152,61.6541,72.4105,66.4390,64.8758,64.8452,63.9096,63.3909,63.8083,63.7076,66.0016,64.5197,63.5269,64.5170,62.7893,63.4265,65.0466,62.3384,67.3330,66.3905,64.5700,65.6754,64.9419,63.0087
0.65,62.2728,61.4383,72.4988,62.2728,75.6152,61.6322,72.4105,66.3801,64.8211,64.8058,63.8650,63.3645,63.7656,63.5374,65.7876,64.3955,63.3953,64.3697,62.7268,63.4314,64.9715,62.2795,67.2352,66.3019,64.4892,65.6490,64.8907,62.9679
0.66,62.2778,61.4668,72.4988,62.2778,75.6152,61.6120,72.4105,66.3170,64.7639,64.7647,63.8186,63.3352,63.7207,63.3761,65.5737,64.2720,63.2154,64.2258,62.6618,63.3638,64.7802,62.2224,67.1325,66.2134,64.4139,65.6128,64.8380,62.9203
0.67,62.2849,61.4935,72.4988,62.2849,75.6152,61.5943,72.4105,66.2496,64.7024,64.7193,63.7700,63.3019,63.6751,63.2296,65.3660,64.1497,63.0516,64.0946,62.5960,63.2694,64.6046,62.1680,67.0260,66.1227,64.3411,65.5490,64.7826,62.8657
0.68,62.2929,61.5195,72.4988,62.2929,75.6152,61.5778,72.4105,66.1772,64.6393,64.6710,63.7207,63.2670,63.6275,63.1158,65.1605,64.0290,62.8938,63.9653,62.5245,63.0843,64.4394,62.1140,66.9168,66.0322,64.2616,65.4691,64.7253,62.8057
0.69,62.3014,61.5455,72.4988,62.3014,75.6152,61.5635,72.4105,66.0962,64.5725,64.6178,63.6695,63.2307,63.5797,63.0021,64.9636,63.9075,62.7651,63.8394,62.4525,62.9206,64.2853,62.0590,66.8046,65.9374,64.1812,65.3910,64.6614,62.7392
0.7,62.3108,61.5725,72.4988,62.3108,75.6152,61.5520,72.4105,66.0109,64.5037,64.5589,63.6178,63.1919,63.5291,62.9008,64.7730,63.7839,62.6430,63.7164,62.3808,62.7657,64.1377,62.0052,66.6917,65.8375,64.0959,65.3087,64.5919,62.6727
0.71,62.3205,61.5998,72.4988,62.3205,75.6152,61.5416,72.4105,65.9213,64.4333,64.4968,63.5635,63.1506,63.4785,62.8164,64.5903,63.6583,62.5542,63.5956,62.3091,62.6596,64.0009,61.9530,66.5711,65.7336,64.0044,65.2228,64.5187,62.6029
0.72,62.3301,61.6259,72.4988,62.3301,75.6152,61.5324,72.4105,65.8256,64.3619,64.4317,63.5084,63.1063,63.4288,62.7367,64.4098,63.5283,62.4653,63.4788,62.2363,62.5690,63.8737,61.9036,66.4465,65.6239,63.9065,65.1340,64.4401,62.5280
0.73,62.3407,61.6515,72.4988,62.3407,75.6152,61.5257,72.4105,65.7240,64.2865,64.3623,63.4505,63.0612,63.3787,62.6576,64.2397,63.3965,62.3948,63.3757,62.1613,62.4803,63.7543,61.8564,66.3184,65.5061,63.8009,65.0361,64.3577,62.4491
0.74,62.3510,61.6774,72.4988,62.3510,75.6152,61.5204,72.4105,65.6175,64.2094,64.2881,63.3933,63.0153,63.3287,62.5900,64.0739,63.2628,62.3298,63.2738,62.0871,62.4143,63.6453,61.8127,66.1855,65.3825,63.6876,64.9338,64.2641,62.3682
0.75,62.3623,61.7034,72.4988,62.3623,75.6152,61.5166,72.4105,65.5014,64.1329,64.2099,63.3358,62.9677,63.2784,62.5306,63.9180,63.1274,62.2751,63.1799,62.0164,62.3512,63.5409,61.7720,66.0426,65.2524,63.5686,64.8294,64.1665,62.2863
0.76,62.3743,61.7285,72.4988,62.3743,75.6152,61.5140,72.4105,65.3834,64.0553,64.1275,63.2795,62.9174,63.2274,62.4712,63.7661,62.9918,62.2217,63.0908,61.9490,62.2965,63.4374,61.7325,65.8972,65.1141,63.4441,64.7225,64.0672,62.2057
0.77,62.3863,61.7524,72.4988,62.3863,75.6152,61.5138,72.4105,65.2648,63.9785,64.0436,63.2231,62.8663,63.1761,62.4163,63.6256,62.8554,62.1798,63.0105,61.8828,62.2426,63.3394,61.6990,65.7443,64.9695,63.3116,64.6070,63.9650,62.1254
0.78,62.3986,61.7761,72.4988,62.3986,75.6152,61.5152,72.4105,65.1447,63.9003,63.9601,63.1678,62.8121,63.1274,62.3694,63.4903,62.7215,62.1468,62.9376,61.8216,62.1956,63.2461,61.6713,65.5830,64.8235,63.1738,64.4911,63.8595,62.0458
0.79,62.4117,61.7996,72.4988,62.4117,75.6152,61.5171,72.4105,65.0228,63.8220,63.8752,63.1130,62.7594,63.0782,62.3237,63.3693,62.5880,62.1251,62.8735,61.7676,62.1525,63.1598,61.6581,65.4205,64.6734,63.0378,64.3693,63.7540,61.9702
0.8,62.4241,61.8217,72.4988,62.4241,75.6152,61.5194,72.4105,64.8997,63.7467,63.7898,63.0619,62.7065,63.0307,62.2827,63.2525,62.4572,62.1053,62.8157,61.7195,62.1130,63.0768,61.6461,65.2561,64.5243,62.9025,64.2417,63.6479,61.8986
0.81,62.4359,61.8431,72.4988,62.4359,75.6152,61.5228,72.4105,64.7735,63.6727,63.7050,63.0127,62.6548,62.9845,62.2501,63.1439,62.3304,62.0878,62.7614,61.6813,62.0768,62.9993,61.6332,65.0921,64.3755,62.7656,64.1120,63.5420,61.8327
0.82,62.4485,61.8640,72.4988,62.4485,75.6152,61.5264,72.4105,64.6490,63.6012,63.6212,62.9647,62.6014,62.9404,62.2188,63.0457,62.2101,62.0753,62.7211,61.6587,62.0476,62.9271,61.6215,64.9312,64.2304,62.6312,63.9835,63.4369,61.7735
0.83,62.4619,61.8834,72.4988,62.4619,75.6152,61.5307,72.4105,64.5272,63.5320,63.5354,62.9222,62.5488,62.8999,62.1897,62.9566,62.0952,62.0635,62.6852,61.6382,62.0267,62.8590,61.6101,64.7724,64.0873,62.5015,63.8551,63.3356,61.7195
0.84,62.4744,61.9015,72.4988,62.4744,75.6152,61.5350,72.4105,64.4062,63.4658,63.4524,62.8814,62.4986,62.8590,62.1656,62.8790,61.9891,62.0537,62.6535,61.6196,62.0068,62.7966,61.5976,64.6160,63.9480,62.3799,63.7325,63.2377,61.6711
0.85,62.4858,61.9186,72.4988,62.4858,75.6152,61.5390,72.4105,64.2922,63.4046,63.3719,62.8452,62.4500,62.8194,62.1427,62.8138,61.8970,62.0459,62.6293,61.6038,61.9928,62.7426,61.5877,64.4635,63.8144,62.2645,63.6099,63.1450,61.6285
0.86,62.4968,61.9347,72.4988,62.4968,75.6152,61.5430,72.4105,64.1833,63.3486,63.2960,62.8142,62.4028,62.7818,62.1252,62.7583,61.8157,62.0404,62.6102,61.5899,61.9821,62.6953,61.5793,64.3206,63.6904,62.1559,63.4908,63.0607,61.5921
0.87,62.5080,61.9505,72.4988,62.5080,75.6152,61.5463,72.4105,64.0787,63.2975,63.2250,62.7863,62.3545,62.7495,62.1091,62.7106,61.7456,62.0367,62.5960,61.5800,61.9755,62.6555,61.5749,64.1863,63.5737,62.0576,63.3791,62.9829,61.5627
0.88,62.5186,61.9646,72.4988,62.5186,75.4793,61.5501,72.4105,63.9809,63.2516,63.1578,62.7622,62.3112,62.7206,62.0948,62.6707,61.6891,62.0342,62.5856,61.5731,61.9754,62.6251,61.5738,64.0616,63.4705,61.9711,63.2774,62.9139,61.5386
0.89,62.5287,61.9774,72.4988,62.5287,74.8723,61.5537,72.4105,63.8880,63.2104,63.0937,62.7422,62.2703,62.6940,62.0816,62.6397,61.6476,62.0326,62.5782,61.5684,61.9845,62.6033,61.5724,63.9483,63.3783,61.8964,63.1830,62.8551,61.5194
0.9,62.5381,61.9894,72.4988,62.5381,74.1239,61.5565,72.2020,63.8041,63.1771,63.0334,62.7265,62.2322,62.6706,62.0698,62.6182,61.6178,62.0309,62.5735,61.5658,61.9944,62.5886,61.5703,63.8479,63.2995,61.8346,63.0985,62.8068,61.5047
0.91,62.5462,61.9992,71.9473,62.5462,73.3754,61.5593,71.8033,63.7311,63.1490,62.9774,62.7137,62.1990,62.6513,62.0597,62.6015,61.5975,62.0300,62.5716,61.5649,62.0028,62.5803,61.5674,63.7606,63.2327,61.7848,63.0228,62.7680,61.4938
0.92,62.5533,62.0089,71.1990,62.5533,72.6266,61.5615,71.0549,63.6682,63.1258,62.9288,62.7042,62.1694,62.6354,62.0532,62.5908,61.5844,62.0295,62.5717,61.5657,62.0116,62.5757,61.5650,63.6874,63.1806,61.7467,62.9579,62.7390,61.4860
0.93,62.5603,62.0178,70.4506,62.5603,71.8157,61.5632,70.3061,63.6161,63.1080,62.8879,62.6977,62.1457,62.6233,62.0474,62.5837,61.5761,62.0302,62.5724,61.5669,62.0196,62.5758,61.5651,63.6272,63.1417,61.7187,62.9052,62.7178,61.4805
0.94,62.5668,62.0254,69.7017,62.5668,70.7026,61.5645,69.4361,63.5758,63.0956,62.8531,62.6933,62.1275,62.6142,62.0453,62.5803,61.5719,62.0323,62.5737,61.5684,62.0285,62.5767,61.5663,63.5819,63.1142,61.6986,62.8627,62.7056,61.4769
0.95,62.5718,62.0319,68.7778,62.5718,69.3517,61.5656,68.3307,63.5488,63.0882,62.8282,62.6905,62.1152,62.6083,62.0464,62.5802,61.5712,62.0359,62.5755,61.5689,62.0361,62.5795,61.5677,63.5510,63.0967,61.6845,62.8327,62.6978,61.4743
0.96,62.5765,62.0382,67.4618,62.5765,68.0007,61.5667,66.9798,63.5329,63.0842,62.8110,62.6885,62.1076,62.6049,62.0466,62.5822,61.5710,62.0414,62.5784,61.5693,62.0431,62.5822,61.5686,63.5351,63.0883,61.6762,62.8148,62.6928,61.4728
0.97,62.5806,62.0436,66.1108,62.5806,66.6496,61.5678,65.6287,63.5265,63.0830,62.8017,62.6878,62.1031,62.6036,62.0479,62.5844,61.5706,62.0459,62.5811,61.5697,62.0475,62.5847,61.5691,63.5289,63.0850,61.6725,62.8044,62.6900,61.4712
0.98,62.5838,62.0479,64.7595,62.5838,65.2974,61.5685,64.2775,63.5251,63.0817,62.7982,62.6867,62.1020,62.6034,62.0498,62.5866,61.5704,62.0488,62.5845,61.5698,62.0499,62.5867,61.5694,63.5265,63.0836,61.6696,62.7995,62.6881,61.4694
0.99,62.5865,62.0503,63.4060,62.5865,63.9438,61.5692,62.9240,63.5255,63.0813,62.7971,62.6859,62.1020,62.6038,62.0511,62.5884,61.5700,62.0506,62.5875,61.5696,62.0513,62.5885,61.5696,63.5261,63.0822,61.6664,62.7977,62.6864,61.4668
1.0,62.5892,62.0516,62.0516,62.5892,62.5892,61.5696,61.5696,63.5274,63.0800,62.7979,62.6847,62.1029,62.6045,62.0516,62.5892,61.5696,62.0516,62.5892,61.5696,62.0516,62.5892,61.5696,63.5274,63.0800,61.6628,62.7979,62.6847,61.4637
