curve,seed,arm,accuracy_pct,home_pct,away_pct,main_pct,nonmain_pct
B*,5,T40,62.8786,68.7980,55.5335,72.4201,38.3926
B*,6,T40,61.7593,67.3332,50.3468,72.9551,35.4880
B*,7,T40,62.9764,67.5595,57.2670,72.2583,37.8592
B*,mean,,62.5381,67.8969,54.3825,72.5445,37.2466
P1 (T15),5,T15,63.9136,69.6761,56.9972,71.9161,38.4092
P1 (T15),6,T15,63.1495,69.7242,50.8427,71.4738,37.0763
P1 (T15),7,T15,64.3492,68.6717,59.4782,70.9554,39.3452
P1 (T15),mean,,63.8041,69.3573,55.7727,71.4484,38.2769
Q1 (T40),5,T40,62.9316,68.8914,55.5623,72.5093,37.9735
Q1 (T40),6,T40,61.8572,67.4932,50.4230,73.1148,34.6465
Q1 (T40),7,T40,63.0660,67.6096,57.4355,72.3458,37.3806
Q1 (T40),mean,,62.6182,67.9980,54.4736,72.6566,36.6669
Q2 (T40),5,T40,62.8856,68.8258,55.5227,72.4506,38.2643
Q2 (T40),6,T40,61.8366,67.4691,50.3952,73.1571,34.9343
Q2 (T40),7,T40,62.9984,67.6162,57.2200,72.4148,37.1516
Q2 (T40),mean,,62.5735,67.9704,54.3793,72.6741,36.7834
