block,arm_or_diff,value,note
A,tv,65.8371,5
A,soft,65.6769,5
A,hard,66.4469,5
A,entropy,64.3672,5
A,fixed_l0.4,65.1729,5
A,TV-soft,0.1602,tpair_p=0.3765;TVhigher=2/5
A,TV-hard,-0.6098,tpair_p=0.0876;TVhigher=1/5
mob,tv,59.2077,3
mob,soft,58.8230,3
mob,hard,59.4025,3
mob,entropy,57.2131,3
mob,fixed_l0.4,58.5785,3
mob,TV-soft,0.3846,tpair_p=0.0052;TVhigher=3/3
mob,TV-hard,-0.1949,tpair_p=0.5744;TVhigher=1/3
svhn,tv,79.3885,5
svhn,soft,80.4458,5
svhn,hard,80.5755,5
svhn,entropy,76.9699,5
svhn,fixed_l0.2,80.4345,5
svhn,TV-soft,-1.0573,tpair_p=0.0349;TVhigher=0/5
svhn,TV-hard,-1.1870,tpair_p=0.0234;TVhigher=0/5
