window,lambda_t_arm,lambda_inf,s_out_of_Mk_among_nonMain_pct,s_out_of_Mk_among_Main_pct,c_out_of_Mk_among_nonMain_pct,c_out_of_Mk_among_Main_pct,entropy_auroc_nonMain
late,T15,0.15,79.21,24.32,56.26,16.63,0.6521
late,T15,0.3,75.66,21.68,29.81,4.62,0.6955
late,T15,0.4,72.96,20.21,17.08,1.75,0.7056
late,T15,0.55,68.51,18.41,7.45,0.64,0.6995
late,T15,0.7,63.72,17.06,3.61,0.43,0.6797
late,T40,0.15,77.38,24.80,56.51,19.41,0.6420
late,T40,0.3,72.44,21.09,30.19,5.83,0.6860
late,T40,0.4,68.70,19.06,16.50,2.06,0.6980
late,T40,0.55,62.60,16.65,6.52,0.65,0.6941
late,T40,0.7,56.36,14.93,2.91,0.42,0.6751
late,T60,0.15,75.10,25.91,56.28,22.87,0.6275
late,T60,0.3,68.48,20.84,30.69,7.63,0.6715
late,T60,0.4,63.48,18.09,16.21,2.60,0.6860
late,T60,0.55,55.52,14.88,5.71,0.63,0.6862
late,T60,0.6,52.90,14.04,4.14,0.48,0.6818
late,T60,0.7,47.78,12.68,2.33,0.36,0.6694
full,T15,0.15,78.27,24.74,55.24,15.17,0.5987
full,T15,0.3,74.84,22.53,28.94,3.95,0.6448
full,T15,0.4,72.23,21.30,16.50,1.47,0.6578
full,T15,0.55,67.90,19.80,7.14,0.53,0.6557
full,T15,0.7,63.25,18.70,3.43,0.35,0.6389
full,T40,0.15,76.52,25.17,55.36,17.45,0.5876
full,T40,0.3,71.75,22.04,29.18,4.89,0.6353
full,T40,0.4,68.14,20.33,15.85,1.70,0.6506
full,T40,0.55,62.23,18.30,6.21,0.53,0.6508
full,T40,0.7,56.17,16.86,2.76,0.34,0.6348
full,T60,0.15,74.33,26.14,54.99,20.24,0.5723
full,T60,0.3,67.94,21.86,29.49,6.31,0.6215
full,T60,0.4,63.13,19.52,15.46,2.11,0.6399
full,T60,0.55,55.44,16.79,5.41,0.51,0.6445
full,T60,0.6,52.91,16.07,3.92,0.39,0.6411
full,T60,0.7,47.94,14.92,2.20,0.29,0.6306
