window,lambda_t_arm,lambda_inf,server_use_pct(non-Main share),acc_pct,B_fixed_acc_at_same_server_use_pct,difference_pp
late,T15,0.15,38.12,66.7934,64.4012,+2.3922
late,T15,0.3,38.12,72.8190,64.4012,+8.4178
late,T15,0.4,38.12,73.5166,64.4012,+9.1154
late,T15,0.55,38.12,72.4680,64.4012,+8.0668
late,T15,0.7,38.12,70.7397,64.4012,+6.3385
late,T40,0.15,38.12,63.7027,64.4012,-0.6985
late,T40,0.3,38.12,70.4597,64.4012,+6.0585
late,T40,0.4,38.12,71.5562,64.4012,+7.1550
late,T40,0.55,38.12,70.4552,64.4012,+6.0540
late,T40,0.7,38.12,68.5212,64.4012,+4.1200
late,T60,0.15,38.12,59.7092,64.4012,-4.6920
late,T60,0.3,38.12,67.2720,64.4012,+2.8708
late,T60,0.4,38.12,69.0475,64.4012,+4.6463
late,T60,0.55,38.12,68.1826,64.4012,+3.7814
late,T60,0.7,38.12,66.2216,64.4012,+1.8204
late,T60,0.6,38.12,67.5742,64.4012,+3.1730
full,T15,0.15,34.47,67.3947,63.8906,+3.5040
full,T15,0.3,34.47,73.3776,63.8906,+9.4870
full,T15,0.4,34.47,74.0245,63.8906,+10.1339
full,T15,0.55,34.47,73.1107,63.8906,+9.2201
full,T15,0.7,34.47,71.5910,63.8906,+7.7004
full,T40,0.15,34.47,64.7444,63.8906,+0.8538
full,T40,0.3,34.47,71.3788,63.8906,+7.4882
full,T40,0.4,34.47,72.3551,63.8906,+8.4644
full,T40,0.55,34.47,71.4013,63.8906,+7.5107
full,T40,0.7,34.47,69.7195,63.8906,+5.8289
full,T60,0.15,34.47,61.3102,63.8906,-2.5804
full,T60,0.3,34.47,68.6553,63.8906,+4.7647
full,T60,0.4,34.47,70.1875,63.8906,+6.2968
full,T60,0.55,34.47,69.4467,63.8906,+5.5561
full,T60,0.7,34.47,67.7680,63.8906,+3.8774
full,T60,0.6,34.47,68.9281,63.8906,+5.0375
